/*
SQLyog Community v13.1.6 (64 bit)
MySQL - 10.4.11-MariaDB : Database - atm-library
*********************************************************************
*/

/*!40101 SET NAMES utf8 */;

/*!40101 SET SQL_MODE=''*/;

/*!40014 SET @OLD_UNIQUE_CHECKS=@@UNIQUE_CHECKS, UNIQUE_CHECKS=0 */;
/*!40014 SET @OLD_FOREIGN_KEY_CHECKS=@@FOREIGN_KEY_CHECKS, FOREIGN_KEY_CHECKS=0 */;
/*!40101 SET @OLD_SQL_MODE=@@SQL_MODE, SQL_MODE='NO_AUTO_VALUE_ON_ZERO' */;
/*!40111 SET @OLD_SQL_NOTES=@@SQL_NOTES, SQL_NOTES=0 */;
CREATE DATABASE /*!32312 IF NOT EXISTS*/`atm-library` /*!40100 DEFAULT CHARACTER SET utf8mb4 */;

USE `atm-library`;

/*Table structure for table `tb_anggota` */

DROP TABLE IF EXISTS `tb_anggota`;

CREATE TABLE `tb_anggota` (
  `nis` int(12) NOT NULL,
  `nama` varchar(50) DEFAULT NULL,
  `jk` varchar(15) DEFAULT NULL,
  `kelas` varchar(5) DEFAULT NULL,
  `jurusan` varchar(10) DEFAULT NULL,
  PRIMARY KEY (`nis`)
) ENGINE=InnoDB DEFAULT CHARSET=utf8mb4;

/*Data for the table `tb_anggota` */

insert  into `tb_anggota`(`nis`,`nama`,`jk`,`kelas`,`jurusan`) values 
(1819001,'AAS ASWIYAH','Perempuan','XII','Peternakan'),
(1819003,'ELIS','Perempuan','XII','Peternakan'),
(1819004,'HENI SITI HANDIYANTI','Perempuan','XII','Peternakan'),
(1819011,'NUNU YOGI NUGRAHA','Laki-Laki','XII','Peternakan'),
(1819018,'TETIH NALIRATIH','Perempuan','XII','Peternakan'),
(1819019,'YUDI YUANDA','Laki-Laki','XII','Peternakan'),
(1819020,'AI NURAISAH','Perempuan','XII','Pemasaran'),
(1819021,'ANDRIAN','Laki-Laki','XII','Pemasaran'),
(1819022,'ATHILA GRAZIANI','Perempuan','XII','Pemasaran'),
(1819025,'GILANG PERMANA','Laki-Laki','XII','Pemasaran'),
(1819026,'IDAH HERMAWATI','Perempuan','XII','Pemasaran'),
(1819028,'MUHAMAD HADIYANSAH MQ','Laki-Laki','XII','Pemasaran'),
(1819029,'MUNAWAR FANGKI','Laki-Laki','XII','Pemasaran'),
(1819030,'NENG ROSDIANA','Perempuan','XII','Pemasaran'),
(1819031,'RIKA','Perempuan','XII','Pemasaran'),
(1819036,'YODI SETIAWAN','Laki-Laki','XII','Pemasaran'),
(1819037,'YOGA NUGRAHA','Laki-Laki','XII','Pemasaran'),
(1819038,'AGUSTIRA','Laki-Laki','XII','Pariwisata'),
(1819044,'INDRIANI','Perempuan','XII','Pariwisata'),
(1819046,'MUHAMAD IKRAM PRATAMA','Laki-Laki','XII','Pariwisata'),
(1819049,'RESTITA','Perempuan','XII','Pariwisata'),
(1819052,'TIARA YUANTIKA','Perempuan','XII','Pariwisata'),
(1819054,'YUSDIANTARA','Laki-Laki','XII','Pariwisata'),
(1819055,'DEDE MUHAMAD IKHSAN','Laki-Laki','XII','Pariwisata'),
(1819056,'LISTIANI','Perempuan','XII','Pariwisata'),
(1920004,'AFWAN ZAINAL RAIS','Laki-Laki','XI','Pemasaran'),
(1920005,'AGUS F. HIDAYATULLOH','Laki-Laki','XI','Pariwisata'),
(1920012,'ASEP MAOLANA IBRAHIM','Laki-Laki','XI','Pemasaran'),
(1920014,'ANJANI DEWI KARTIKA','Perempuan','XI','Peternakan'),
(1920017,'CITRA AYUNINGSIH','Perempuan','XI','Pemasaran'),
(1920020,'CANDRA PERMANA','Laki-Laki','XI','Peternakan'),
(1920021,'CICI MAKIATUL MUKAROMAH','Perempuan','XI','Pariwisata'),
(1920023,'CITRA CANTIKA PUTRI','Perempuan','XI','Pemasaran'),
(1920024,'DANI','Laki-Laki','XI','Pemasaran'),
(1920025,'DITA NURROHMAH','Perempuan','XI','Pemasaran'),
(1920028,'DEDE JUANDA','Laki-Laki','XI','Peternakan'),
(1920029,'DEDE MULYANA','Laki-Laki','XI','Peternakan'),
(1920031,'ACEP SETIANA','Laki-Laki','XI','Pariwisata'),
(1920032,'DIKHI MIFTAH FARID','Laki-Laki','XI','Pariwisata'),
(1920037,'EDI','Laki-Laki','XI','Pariwisata'),
(1920040,'ILHAM HAMDANI','Laki-Laki','XI','Pemasaran'),
(1920042,'HENDRAWAN','Laki-Laki','XI','Peternakan'),
(1920045,'INTAN PERMATASARI','Perempuan','XI','Pemasaran'),
(1920057,'LINDA ANGGRAENI','Perempuan','XI','Pemasaran'),
(1920058,'LINDA','Perempuan','XI','Pariwisata'),
(1920064,'MERI ANDANI','Perempuan','XI','Pariwisata'),
(1920066,'NANA RUSMANA','Laki-Laki','XI','Pemasaran'),
(1920069,'MUHAMMAD ABDUL KHOLIK','Laki-Laki','XI','Peternakan'),
(1920071,'NENG AJENG TINAWATI','Perempuan','XI','Pemasaran'),
(1920073,'NENI LATIFAH','Perempuan','XI','Peternakan'),
(1920077,'NURFADILAH','Perempuan','XI','Pariwisata'),
(1920078,'RATNA','Perempuan','XI','Pemasaran'),
(1920087,'RENA PERMATASARI','Perempuan','XI','Pemasaran'),
(1920088,'RIAN','Laki-Laki','XI','Pemasaran'),
(1920102,'SITI FATIMAH AZAHRA','Perempuan','XI','Peternakan'),
(1920111,'SYAHRUL RAMDANI','Laki-Laki','XI','Peternakan'),
(1920116,'YANA CAHYANA','Laki-Laki','XI','Pariwisata'),
(1920117,'YEYE MASDURI','Laki-Laki','XI','Peternakan'),
(1920118,'YOGA ABDUL WAHAB','Laki-Laki','XI','Peternakan'),
(1920125,'IMAT RAHMAT','Laki-Laki','XI','Pemasaran'),
(1920126,'RAHMA PRATAMA','Laki-Laki','XI','Peternakan'),
(19200125,'RAYHAN PUTRA SUDIRMAN','Laki-Laki','XI','Peternakan'),
(19200126,'YUDIS TIRA','Laki-Laki','XI','Pariwisata'),
(20210001,'ADEN ANGGA RIFALDI','Laki-Laki','X','Pemasaran'),
(20210002,'ADITYA RUHANA','Laki-Laki','X','Pemasaran'),
(20210003,'AGIS NURDIANA SALAM','Laki-Laki','X','Pemasaran'),
(20210004,'AGUNG NUGRAHA','Laki-Laki','X','Pemasaran'),
(20210005,'ALIN AGUSTIN MULYANA','Perempuan','X','Pemasaran'),
(20210006,'ALVEN RIZKI STYAWAN','Laki-Laki','X','Pemasaran'),
(20210007,'APRIANDI','Laki-Laki','X','Pemasaran'),
(20210008,'ARI NUGRAHA RAMDAN','Laki-Laki','X','Pemasaran'),
(20210009,'ASEP NUR HIDAYAT','Laki-Laki','X','Pemasaran'),
(20210010,'DEDE NUR ALAM','Laki-Laki','X','Pemasaran'),
(20210011,'DERIS FIRMAN','Laki-Laki','X','Pemasaran'),
(20210012,'DEVI NURMALASARI','Perempuan','X','Pemasaran'),
(20210013,'DIKA SUSENO','Laki-Laki','X','Pemasaran'),
(20210014,'DIYAS ADI NUGRAHA','Laki-Laki','X','Pemasaran'),
(20210015,'KALISTA JULIANTI','Perempuan','X','Pemasaran'),
(20210016,'MELI HANDAYANI','Perempuan','X','Pemasaran'),
(20210017,'MUHAMAD ARIFIN ILHAM','Laki-Laki','X','Pemasaran'),
(20210018,'UTIN','Perempuan','X','Pemasaran'),
(20210019,'VIONI YULIANTI','Perempuan','X','Pemasaran'),
(20210020,'ADI NURCAHYA','Laki-Laki','X','Peternakan'),
(20210021,'ASEP RUSTANDI','Laki-Laki','X','Peternakan'),
(20210022,'ASTRINA TABARANI','Perempuan','X','Peternakan'),
(20210023,'BAGAS T SANTONI','Laki-Laki','X','Peternakan'),
(20210024,'BAYU LESMANA','Laki-Laki','X','Peternakan'),
(20210025,'FIRMAN APANDI','Laki-Laki','X','Peternakan'),
(20210026,'HAMAM','Laki-Laki','X','Peternakan'),
(20210027,'IDAN NURSYAMSI','Laki-Laki','X','Peternakan'),
(20210028,'IMA MULYANI','Laki-Laki','X','Peternakan'),
(20210029,'MUHAMMAD RIZKY N','Laki-Laki','X','Peternakan'),
(20210030,'NANA SUPRIATNA','Laki-Laki','X','Peternakan'),
(20210031,'NANDA CARGANDA','Laki-Laki','X','Peternakan'),
(20210032,'NAUVAL ABDUL AZIS','Laki-Laki','X','Peternakan'),
(20210033,'RAMLAN SAHIDIN','Laki-Laki','X','Peternakan'),
(20210034,'YANU MUHANA','Laki-Laki','X','Peternakan'),
(20210035,'YUDI IRAWAN','Laki-Laki','X','Peternakan'),
(20210036,'AGUNG GUMELAR','Laki-Laki','X','Pariwisata'),
(20210037,'ATIN','Perempuan','X','Pariwisata'),
(20210038,'CICIN WAHYUNI','Perempuan','X','Pariwisata'),
(20210039,'IGES DEBI YANI','Perempuan','X','Pariwisata'),
(20210040,'IYEN ROYANI','Perempuan','X','Pariwisata'),
(20210041,'RISKA RISMAYA','Perempuan','X','Pariwisata'),
(20210042,'SITI NURAVIVAH','Perempuan','X','Pariwisata'),
(20210043,'SUSI SUSILAWATI','Perempuan','X','Pariwisata'),
(20210044,'VINA NURHAYATI','Perempuan','X','Pariwisata'),
(20210045,'SITI NURAENI','Perempuan','X','Pariwisata'),
(20210046,'EGI ISWANTO','Laki-Laki','X','Pariwisata');

/*Table structure for table `tb_buku` */

DROP TABLE IF EXISTS `tb_buku`;

CREATE TABLE `tb_buku` (
  `kode` int(10) NOT NULL,
  `judul` varchar(50) DEFAULT NULL,
  `penulis` varchar(50) DEFAULT NULL,
  `tahun` int(4) DEFAULT NULL,
  `penerbit` varchar(50) DEFAULT NULL,
  `kategori` varchar(30) DEFAULT NULL,
  `stok` int(4) DEFAULT NULL,
  `stok_awal` int(4) DEFAULT NULL,
  PRIMARY KEY (`kode`)
) ENGINE=InnoDB DEFAULT CHARSET=utf8mb4;

/*Data for the table `tb_buku` */

insert  into `tb_buku`(`kode`,`judul`,`penulis`,`tahun`,`penerbit`,`kategori`,`stok`,`stok_awal`) values 
(123,'Ketika Rambo Dagang','Ahmad',2000,'Billionaire Store','Umum',20,20),
(1032016,'MENGAPA DOA TAK TERKABULKAN','Drs. Joko Hariyanto',2000,'Rosda',NULL,1,1),
(2042016,'Tafsir Hikmah','DR. Juhaya S. Praja',2000,'Rosda',NULL,1,1),
(3042016,'Sate rohani dari madura','D. Zawawi Imron',2001,'Rosda',NULL,1,1),
(4042016,'Khutbah Jumat (sunda)','Kosong',2000,'Kanwil Depag Jabar',NULL,1,1),
(5042016,'Membakar Rumah Tuhan','Ulil Abshar-Abdalla',2000,'Rosda',NULL,1,1),
(6042016,'Pola hidup muslim','Abu Bakar Jabir el-Jazairi',1990,'Rosda',NULL,1,1),
(7042016,'Riyadhah Upaya Pembinaan Akhlak','Imam Yahya Ibnu Hamzah',2000,'Rosda',NULL,1,1),
(8042016,'Yang Berjatuhan di Jalan Dakwah','Fathi Yakan',2000,'Al-Itishom',NULL,1,1),
(9042016,'Islam dan Spirit Hidup Kaya','Dr. Mursidin, M.Pd.',0,'Kosong',NULL,1,1),
(10042016,'Beriman yang Benar','Dr. Ali Gharisah',0,'Kosong',NULL,1,1),
(11042016,'Mutiara Alfatihah','M Karman Al-Kuningani dan Hadidjah Togubu',2004,'Tiara Garis Kreatif',NULL,49,49),
(12042016,'KUMPULAN RUPA-RUPA KHUTBAH SUNDA','M. Moch. Anwar',2007,'Sinar Baru Algensindo',NULL,1,1),
(13042016,'KHUTBAH JUM\'AT PILIHAN','KH. Drs. Ahmad Dimyathi',2004,'Sinar Baru Algensindo',NULL,1,1),
(14042016,'KUMPULAN KHUTBAH JUM\'AT (SUNDA)','M. Moch. Anwar',2006,'Sinar Baru Algensindo',NULL,1,1),
(15042016,'AKHLAK MULIA BERBASIS PAI','Drs. Mursidin. M. Pd.',2013,'Sinar Baru Algensindo',NULL,1,1),
(16042016,'MENJADI MUSLIM SEJATI','Abul A\'la Maududi',2000,'Mitra Pustaka',NULL,1,1),
(17042016,'100 SUNAH NABI YANG SERING DISPELEKAN','Khaifa Abdlas Arrosid',2011,'Zam-za',NULL,1,1),
(18042016,'SULAMUT TAUFIQ DAN PENJELASAN','Syekh Imam Nawawi',1998,'Sinar Baru Algensindo',NULL,1,1),
(19042016,'SUBUH ON FIRE','Nana l. faries',2009,'Pro-you',NULL,1,1),
(19200112,'Pemrograman Java Script','Arip',2019,'Jembar',NULL,18,18),
(20042016,'APA YANG MENAKUTKAN DARI SYARIAT ISLAM','Ibrohim Ahmad Muhanad al- Wakfi',2003,'Intimedia ',NULL,1,1),
(21042016,'MERAIH CINTA ILAHI','Jalaludin Rahmat',2000,'Rosda',NULL,1,1),
(22042016,'MEMBUKA PINTU-RAHMAT DENGAN DZIKIR MUNAJAT','Yusuf Mansur',2008,'Zikrul',NULL,1,1),
(23042016,'FIQIH KECANTIKAN','Aam Amiruddin',2010,'Khazanah intelekti',NULL,1,1),
(24042016,'KEAJAIBAN SEDEKAH','Imam Bukhari',2007,'Vision 3 ',NULL,1,1),
(25042016,'RISALAH TUNTUNAN SHALAT LENGKAP','Drs. moh. Rifa\'i',1976,'Karya Taha Putra',NULL,2,2),
(26042016,'MEMBUMIKAN KEPEMIMPINAN LANGIT','M. Ridwan Yahya',2007,'Pustaka Nawaetu',NULL,1,1),
(27042016,'TERTIB SHALAT DAN DOA DALAM AL-QURAN','Hussain Badjerei',1989,'Tema Insan Press',NULL,1,1),
(28042016,'AMALAN AMALAN SUNNAH','Abdulla Bin Jarullah Bin Ibrahim al-Jarullah',2006,'Darus Sunnah',NULL,1,1),
(29042016,'BEDAH MASALAH KONTEMPORER','Aam Amiruddin',2005,'Khazanah ',NULL,1,1),
(30042016,'MEMAHAMI ISLAM MELALUI ANTROPOLOGI','R. Abuy Sodikin, dkk',2003,'Tarbiah Press',NULL,1,1),
(31042016,'MAJALAH HIDAYAH EDISI 82','',2008,'Hidayah',NULL,1,1),
(32042016,'KEKUATAN SANG MUROBBI','Frof. Dr. Taufik Yusuf al-waiy',2003,'Al-i\'tisham cahaya umat',NULL,1,1),
(33042016,'PANDUAN MENTORING AGAMA ISLAM','',0,'',NULL,1,1),
(34042016,'MUSHAF AL-QURAN','',0,'PT.Bina Ilmu',NULL,2,2),
(35042016,'MANAJER No. 29 TH 14','',1989,'Manajjer',NULL,1,1),
(36042016,'TIPS APLIKASI MANAJEMEN SEKOLAH','Jamal Ma\'mur asmani',2012,'Diva press',NULL,1,1),
(37042016,'MANAJEMEN STRATEJIK','Crown Dirgantoro',2001,'Grosindo',NULL,1,1),
(38042016,'MOTIVASI DAN PENGEMBANGAN MANAGEMENT','Drs. Moekijat',1976,'Alumni',NULL,1,1),
(39042016,'MANAJEMEN SUMBER DAYA MANUSIA','Faustino Cardoso Gomes',2003,'Andi offset',NULL,1,1),
(40042016,'THE PORTABLE MBA PEMASARAN','Alexander Hiam dan Charles D. schewe',1993,'Binampa aksara',NULL,1,1),
(41042016,'PENGANTAR TEORI MIKROEKONOMI','Sadono sukirno',2003,'Rajawali pers',NULL,1,1),
(42042016,'MANAJEMEN PEMASARAN','Philip kotler',0,'Erlangga',NULL,1,1),
(43042016,'MIKRO EKONOMI TEORI PENGANTAR','Sadono sukirno',2005,'Rajawali pers',NULL,1,1),
(44042016,'DASARA-DASAR TEORI PORTOPOLIO DAN NALISIS SEKURITA','Suad husnan',2005,'UPP AMP YPKN',NULL,1,1),
(45042016,'MANAJEMEN PERSEDIAAN ','Zulian Yamit',2005,'Ekonisia',NULL,1,1),
(46042016,'MANAJEMEN PEMASARAN GLOBAL','Warren J. keegan',1998,'Prenhallindo',NULL,1,1),
(47042016,'MANAJEMEN PEMASARAN JILID 1','Philip kotler',1997,'Prenhallindo',NULL,1,1),
(48042017,'MANAJEMEN PEMASARAN JILID 2','Philip kotler',1998,'Prenhallindo',NULL,1,1),
(49042016,'MANAGERIAL ECONOMIES BUKU 1','Domminick Salvatore',2005,'Salemba empat',NULL,1,1),
(50042016,'MANAGERIAL ECONOMIES BUKU 2','Domminick Salvatore',2005,'Salemba empat',NULL,1,1),
(51042016,'SISTEM INFORMASI MANAJEMEN','Raymon Moleod, jr',2008,'Salemba empat',NULL,1,1),
(52042016,'ILMU MIKRO EKONOMI','Pacel A.samuelson',2003,'PT. Media Global',NULL,1,1),
(53042016,'PENGANTAR EKONOMI MIKRO','Dr.Sudarsono, M.Sc.',1986,'Karunika Jakarta Universitas Terbuka',NULL,1,1),
(54042016,'EKONOMI MONETER 1','Dr. Nopirin, M,A',1993,'Karunika Jakarta Universitas Terbuka',NULL,1,1),
(55042016,'EKONOMI PEMBANGUNAN','Drs.Jamasari Adenan, M.A.',1986,'Karunika Jakarta Universitas Terbuka',NULL,1,1),
(56042016,'MAT. PEMBELAJARAN 1','Drs. Suad husna, M.B.A',1986,'Karunika Jakarta Universitas Terbuka',NULL,1,1),
(57042016,'MANAJEMEN LANJUTAN','Drs. Marwan Asri, M. DA',1989,'Karunika Jakarta Universitas Terbuka',NULL,1,1),
(58042016,'MANAJEMEN PENYELENGGARAAN HOTEL','Drs. Agus Sulstiono, M.SI',2006,'Alfabeta Bandung',NULL,1,1),
(59042016,'MANAJEMEN PERJALANSAN WISATA','M.A. Desky',1999,'Adi cita',NULL,0,0),
(60042016,'ANALISA ORGANSASI MANJEMEN MEDIA','Komarudin',1989,'Rajawali pers',NULL,0,0),
(61042016,'BELAJAR MANAJEMEN','Roni astrada',2006,'Ekuator',NULL,0,0),
(62042016,'INTRODUCTION OPERATION MANAJEMEN','Howard l.',1967,'',NULL,0,0),
(63042016,'MANAJEMEN APRESIATIF','Ristan munir',2011,'Keufa',NULL,0,0),
(64042016,'PRILAKU KONSUMEN','Tafik Suryani',2008,'Usaha Ilmu',NULL,0,0),
(65042016,'MANAJEMEN STRATEGI 2','J. Qauid Hanger',2001,'Andy Yogyakarta',NULL,0,0),
(66042016,'METODE-METODE PERAMALAN UNTUK MANAJEMEN','Spyros',1994,'Binarupa aksara',NULL,1,1),
(67042016,'DASAR-DASAR MANAJEMEN','Manulaiy',1996,'Upilia lud',NULL,0,0),
(68042016,'DEVELOPING EKSEKUTIF TALLEN','Jonatan Milan Sky',2008,'Tpm Manej',NULL,0,0),
(69042016,'MANAJERIAL EKONOMIK','Evan J. daglus',1992,'Prentic hau',NULL,0,0),
(70042016,'PRILAKU KONSUMEN','Leon Sleirep man',2004,'Indek',NULL,0,0),
(71042016,'OPERATIONS MANAGEMENT','Jay Heizer',2004,'Salemta 4',NULL,0,0),
(72042016,'MANAJEMEN PEMASARAN','Kevin Cany',2007,'Indek',NULL,0,0),
(73042016,'MANAJEMEN KEUANGAN','Keown Martin Petty Scott',2008,'Umla',NULL,1,1),
(74042016,'MANAJEMEN KEUANGAN 1','Keown Martin Petty Scott',2002,'Indeks',NULL,1,1),
(75042016,'MANAJEMEN KEUANGAN 2','Keown Martin Petty Scott',2006,'Indeks',NULL,1,1),
(76042016,'BISNIS ROSULULLAH','Dr. Asyirap. M Dawabah',2006,'pustaka nur ',NULL,0,0),
(77042016,'THE SCIENCE OF LUCT','Candra Bong',0,'PT. Elex medik',NULL,1,1),
(78042016,'PRIBADI SUKSES','BS. Wibowo',2002,'Trustoo',NULL,0,0),
(79042016,'KICK ANDY','Kick Andy',0,'Hiutag pustaka',NULL,0,0),
(80042016,'KISAH INSPIRATIF','Pansara Dani',2012,'Uniges media',NULL,0,0),
(81042016,'PALU PELAKSANAAN PENDIDIKAN KECALUPAN HIDUP','Depoliknas',0,'SIC',NULL,0,0),
(82042016,'MENJADI MANUSIA','Jakob Sumardjo',0,'Remaja Rosdu kerya',NULL,0,0),
(83042016,'PRODUKTIV 24 JAM','Abul Qa\'qa\' Muhamad bin shalih',0,'Pustaka La Raiba Bima Amanta',NULL,1,1),
(84042016,'TERAPI NLP','Dr. Ibrahim Elfiky',2007,'Hikmah',NULL,0,0),
(85042016,'MINKIT THERAPY','Andrias harefa',2011,'PT. Gramudi pustaka',NULL,0,0),
(86042016,'ORANG JAWA MISKIN ORANG JAWA KAYA','A.fatichudin',2003,'Republika',NULL,1,1),
(87042016,'RENCANA USAHA','Taekie Ambadar',2010,'Kaifa ',NULL,1,1),
(88042016,'ETIKA BISNIS DALAM ISLAM','A. Zakaria',2012,'Ibn azka press',NULL,1,1),
(89042016,'CREATIVE SALLING EVERYDAY','Donny Herdianto',2011,'Gramedia',NULL,1,1),
(90042016,'BUSINESS SCHOOL','Robert T Kiyosaki ',2002,'Gramedia',NULL,1,1),
(91042016,'ETIKA BISIS CINA','Wastu Pragantha, dkk',1996,'Gramedia',NULL,1,1),
(92042016,'MODERN BUSINENSS','James A. parsons',1967,'Alexander Hammolton',NULL,1,1),
(93042016,'HARVARD BUSINESS REVIEW','James C. collins',1996,'halvard',NULL,1,1),
(94042016,'MANAJEMEN JASA','Fandy Tjiptono',2006,'Andi',NULL,1,1),
(95042016,'MANAJEN KRISIS ','',1998,'Rosda',NULL,1,1),
(96042016,'TEKNIK RISET PEMASARAN DAN RAMALAN PENJUALAN','J. Supranto',1973,'Universitas Trisaleh',NULL,1,1),
(97042016,'MUHAMMAD SEBAGAI PEDAGANG ','IPPHO SANTOSA',2008,'Gramedia',NULL,1,1),
(98042016,'SIAPA BILANG JADI GURU HIDUPNYA SUSAH?','M. Hasyim ashari',2007,'Pinus Book',NULL,1,1),
(99042016,'THE BILLIONAIRE WAY','Muslihat Indra Pratama',2014,'Buku kita',NULL,1,1),
(100042016,'MEMBACA PIKIRAN ORANG DALAM BISNIS DAN KERJA','David givens',2011,'Kaifa ',NULL,1,1),
(101042016,'KEDAHSYATAN BERPIKIR POSITIF','A. N Ubaedy',2007,'Perspektif Media Komunika',NULL,1,1),
(102042016,'AGAR TIDAK MENYESALI MASALALU DAN TIDAK MENGHAWATI','Uken Juandi',2005,'Dayyan Publishing',NULL,1,1),
(103042016,'HUKUM TENTANG PEMBIAYAAN','Munir Fuady',2006,'Citra Aditya',NULL,1,1),
(104042016,'HOW TO IMPROVE YOUR CUSTOMER SERVICE','Steve Macaulay',1997,'Gramedia',NULL,1,1),
(105042016,'BROKEN WINDOWS BROKEN BUSINESS','Michael Levine',2007,'PPM',NULL,1,1),
(106042016,'SUCCESS','L. Diucott',2007,'Momentum',NULL,1,1),
(107042016,'BAHASA TUBUH','James borg',2005,'Thing pajokerto',NULL,2,2),
(108042016,'AGAR BADAI CEPAT BERLALU','Georgia wetkin.phd',2002,'Kaifa ',NULL,1,1),
(109042016,'90 MENIT BERSAMA CONTUCIUS','Paul Stratheru',1997,'Erlangga',NULL,1,1),
(110042016,'MANAJEMEN MUHASABAH DIRI','Saefudin Bachru',0,'PT. Mizan pustaka',NULL,1,1),
(111042016,'SALES GENIUS','Tony Buzan. Richard',2000,'Kaifa ',NULL,1,1),
(112042016,'THINK AND ACT LIKE A','Muk Kuany',2007,'BIP',NULL,1,1),
(113042016,'MENUJU SPM BERDAYA','Kisderto hmosuprapto',2000,'uramedia',NULL,1,1),
(114042016,'TEN COMITMEN FOR MEN','Tom massey',0,'PT.karya kita',NULL,1,1),
(115042016,'101 CARA MENUMBUHKAN  GRAD BESAR','Timathy ru. toster',1942,'mustaka bangsa',NULL,1,1),
(116042016,'BUDAYA ORGANISASI','Taliziduhu Hdraha',1997,'Rineka cipta',NULL,1,1),
(117042016,'HITUNG UNTUNG BISNIS UKM','Pahala hainggolan',2008,'PPM',NULL,1,1),
(118042016,'BILL GATES MUSLIM DI INDIA','Haris priyetna ',0,'Mizania',NULL,1,1),
(119042016,'THE MIRAETE OF TOUCH','Dr. Eddy idandar',2010,'PT. Mizan pustaka',NULL,1,1),
(120042016,'MANAJEMEN WAKTU','M. Ahmad abdi. Jawad',0,'PT. Syaomil Cipta Media ',NULL,1,1),
(121042016,'100 GREAT BUSINESS IDEA ','Angus holland',0,'Hikmah zama ',NULL,1,1),
(122042016,'MEMPERKUAT DAYA KEMAUAN','Sumanri Meohdipuro',0,'Gunung Jati',NULL,1,1),
(123042016,'LENTERA KEHIDUPAN','Jenudin',2004,'NTP Press',NULL,1,1),
(124042016,'BRAND MANAJEMEN','Taufik pasidk',2007,'mizan',NULL,1,1),
(125042016,'MENJADI KAYA DAN BERFIKIR +','Wallace D. watt',2007,'Gramedia',NULL,1,1),
(126042016,'TIPS Menang tender','D. alexandra',2009,'PPM',NULL,1,1),
(127042016,'CHALANGU YOUR BIGHT , CHALANGU YOUR LIFE','Daniel gamen',2011,'Kamita',NULL,1,1),
(128042016,'ATTITUDE IS EVERYTING ','Deomadi Darwemagsa',0,'Gramedia',NULL,1,1),
(129042016,'PINTER PRESENTASI','Munaya pk Anjali',2007,'Diva press',NULL,1,1),
(130042016,'STEP BY STEP MENGONTROL SOP','Arini yathaejoti',2014,'Ephah Publishing ',NULL,1,1),
(131042016,'6 KIAT MENJADI WIRASWASTA','Mahli sembiring',1993,'pustaka sinar harap',NULL,1,1),
(132042016,'NASIHAT TOKOH-TOKOH TERKENAL DUNIA','Drs. Nurhidayat',2005,'Nuansa Auliya',NULL,1,1),
(133042016,'MERAIH SUKSES TANPA BATAS','Ir. Fauzan ahmad ',2014,'uramedia',NULL,1,1),
(134042016,'SUKSES MENJADI PEMBICARA','Komarudin Khalill',2005,'MQS Publishing',NULL,1,1),
(135042016,'BORROWING BRILIANCE','Dauid kard murray',2009,'Kaifa ',NULL,1,1),
(136042016,'SELF HEALING','Muslih H.',0,'Pustaka Hidayah',NULL,1,1),
(137042016,'MANAJEMEN WAKTU','Ahmad Abd. Fawad',2006,'Syamil',NULL,1,1),
(138042016,'MENUJU PROVINSI TERMAJU','Dani ramda',2008,'LP3 Tabar',NULL,2,2),
(139042016,'KEWIRAUSAHAAN ENTENERSHIP','Heru Kristonto',2009,'urah ilmu',NULL,1,1),
(140042016,'MENJADI SEORANG ENRTRENERSHIP','Ashalf Murthadho ',2002,'Ashapa',NULL,1,1),
(141042016,'RAHASIA PRIBADI SUKSES','Komarudin Khalill',2007,'Pustaka madani',NULL,1,1),
(142042016,'ANATHOMI OF THE SPIRIT','Caroline Mycs',2005,'Hikmah',NULL,1,1),
(143042016,'JOLT !','Phil coke',2011,'Kaifa ',NULL,1,1),
(144042016,'BERIMAN MUSLIMAH MEMANFAATKAN WAKTU','Dr. Sulaiman',2003,'Gema lusani',NULL,1,1),
(145042016,'TENGGELAMNYA KAPAL VANDER WIJK','Hamka',2010,'Bulan bintang',NULL,1,1),
(146042016,'MUJNUL PSIKOLOGI','',0,'',NULL,1,1),
(147042016,'OLIVER TWIST','Charles dickus',0,'',NULL,1,1),
(148042016,'RAHASIA TETANGGA BARU','Syifwandi',2005,'Beranda hikmah',NULL,1,1),
(149042016,'HARIMAU. HARIWAU','Muchtar Lubis',1999,'Yysa Ober lud',NULL,1,1),
(150042016,'KUNGFU BOY','Takashi Maskawa',2001,'PT. Elex media k.',NULL,1,1),
(151042016,'HAI MIIKO','Ono Eriko',2002,'PT. URAMEDIA',NULL,1,1),
(152042016,'DETEKTIF CONAN','Aoyama Gosho, Abe Yutaka dan maru denjiro',2008,'PT. Elex media k.',NULL,1,1),
(153042016,'WIROSABLENG TABIR 8 MAYAT','',0,'',NULL,1,1),
(154042016,'WIROSABLENG 8 SUKMA MERAH','',0,'',NULL,1,1),
(155042016,'NARUTO VAL. 37','Masashi Kishimoto',0,'Elex media k.',NULL,1,1),
(156042016,'MISTERI TOPENG KAYU','Haryanto A. fAUZI',2003,'mizan',NULL,1,1),
(157042016,'ONE UPON OF LOVE','Aditiya Lubis ',2011,'Gregas  media',NULL,1,1),
(158042016,'AKU','Syuman Djaya ',2003,'Metapur',NULL,4,4),
(159042016,'TUHAN AKU DIPONIS CUCI DARAH','Licu Auliya Rahmah',2007,'Femeline ',NULL,1,1),
(160042017,'HIKAYAT PUTRI PENELOVE','Idrus ',2011,'Balai Pustaka ',NULL,1,1),
(161042016,'IF YOU WERE MINE ','Clara Canteriana ',2011,'Trans Media',NULL,1,1),
(162042016,'UKHTI DO YOU LOVE ME','Iwan Al farizi',2009,'Belia',NULL,1,1),
(163042016,'MEKANIKA LANGIT','Muhamad akrom',2009,'Diva press',NULL,1,1),
(164042016,'JULIUS CAESAR','Ie Fen Lan',2005,'Elex media ',NULL,1,1),
(165042016,'MARIE CURIE ','Wan ie so',2005,'Elex media ',NULL,1,1),
(166042016,'ALANAKYLA','Kasumastati',2008,'Grafidia',NULL,1,1),
(167042016,'FILOSOPI CINTA','Khalil Gibran ',2002,'Kolam',NULL,1,1),
(168042016,'Lovasket 2','Fahawas\'u faiz, Luna tharas hyngu',2010,'Gramedia',NULL,1,1),
(169042016,'OCHANK','Tatang sumarsono',2007,'Kilolat buku ',NULL,1,1),
(170042016,'WHO ARE YOU','Psiko-pop',2014,'Penebar plus',NULL,1,1),
(171042016,'DICTIONARY OF AMERICAN EGLISCH','Longman',2000,'Pearson Education',NULL,1,1),
(172042016,'KAMUS LENGKAP PRAKTIS 300.000.000','',0,'',NULL,1,1),
(173042016,'KAMUS INGGRIS INDONESIA','S. Wojowosito',1977,'C.V. Pengarang',NULL,1,1),
(174042016,'STUDEN\'T DICTIONARY OF SYNONYM','M.T luthan',2010,'Genesindo',NULL,2,2),
(175042016,'SYNONY OF IDIOM DICTIONARY','M.T luthan',2013,'Genesindo',NULL,2,2),
(176042016,'NEW WORD POWER DICTIONARY','M.T luthan',2013,'Genesindo',NULL,1,1),
(177042016,'PHROSAL VERBS EXAMPLES DICTIONARY','M.T luthan',2011,'Genesindo',NULL,2,2),
(178042016,'ENGLISH GRAMMAR','Joha S. Hartanto, dkk',1996,'indah',NULL,1,1),
(179042016,'FUNTASTICK LEARNING ','Ryan Martian',2010,'Pro-you',NULL,1,1),
(180042016,'SYNOMYM DICTIONARY','M.T luthan',2013,'Genesindo',NULL,1,1),
(181042016,'DICTIONARY OF SLANG','M.T luthan',2013,'Genesindo',NULL,2,2),
(182042016,'ENGLISH STUDENT BOOK FOR SLIP','Depdikbud',1976,'Balai Pustaka ',NULL,1,1),
(183042016,'GETTING ALONG IN JAPANESE','',1999,'Japanese Language School',NULL,1,1),
(184042016,'ENGLISH GRAMMAR IN USE','Raymon murphy',1985,'Cambride Univ Press',NULL,1,1),
(185042016,'KAMUS INDONESIA JERMAN','Amir F. Hidayat',2013,'Pustaka Grafika',NULL,2,2),
(186042016,'MENAKLUKAN BAHASA INGGRIS','Uceng Nalibrata',0,'',NULL,1,1),
(187042016,'REVOLT\'S ENGLISH BASIC WORDS','Agus Efendi',2011,'Revoltt press',NULL,1,1),
(188042016,'ENGLISH CONVERSATION BOOK 1','Team',0,'SMK ATM',NULL,1,1),
(189042016,'REVOLT\'S BASIC WORDS','Agus Efendi',2011,'Revoltt press',NULL,1,1),
(190042016,'PELATIHAN BAHASA INGGRIS METODE REVOLT','Agus Efendi',2011,'Revoltt press',NULL,1,1),
(191042016,'LIVING ENGLISH LANGUAGE LEARNING ','',0,'Empenor edutanment',NULL,1,1),
(192042016,'PANDAI BERBAHASA ARAB','Ilyas Rifa\'i',2012,'Fajar media',NULL,1,1),
(193042016,'KAMUS UMUM INDONESIA-JEPANG','Soleh masodang ',2015,'Pronir Jaya ',NULL,2,2),
(194042016,'KAMUS BAHASA INDONESIA','Andarini Saptika ',2012,'PT. Multazam Mulia Utama',NULL,2,2),
(195042016,'BETERNAK DOMBA ','Bambang Sugeng ',1992,'Penebar Swadaya',NULL,1,1),
(196042016,'BUDIDAYA JANGKRIK DAN ULAT SUTRA','Kusno Waluyo',2012,'Epsilon Grup',NULL,2,2),
(197042016,'BUDIDAYA KERBAU DAN KELINCI','Kusno Waluyo',2012,'Epsilon Grup',NULL,2,2),
(198042016,'BUDIDAYA PEPAYA','Kusno Waluyo',2012,'Epsilon Grup',NULL,3,3),
(199042016,'BUDIDAYA KACANG KEDELAI ','Kusno Waluyo',2010,'Epsilon Grup',NULL,3,3),
(200042016,'AGROBISNIS BAWANG MERAH','Kusno Waluyo',2010,'Epsilon Grup',NULL,3,3),
(201042016,'KIAT SUKSES BERAGRIBISNIS RAMBUTAN ','Kusno Waluyo',2010,'Epsilon Grup',NULL,3,3),
(202042016,'BUDIDAYA COKLAT','Kusno Waluyo',2010,'Epsilon Grup',NULL,3,3),
(203042016,'BUDIDAYA MANGGIS ','Kusno Waluyo',2012,'Epsilon Grup',NULL,3,3),
(204042016,'BUDIDAYA NANGKA DAN JAMBU BIJI','Kusno Waluyo',2012,'Epsilon Grup',NULL,3,3),
(205042016,'BUDIDAYA IKAN GURAME','Kusno Waluyo',2014,'Epsilon Grup',NULL,3,3),
(206042016,'BUDIDAYA SAPI PERAH DAN POTONG','Kusno Waluyo',2012,'Epsilon Grup',NULL,2,2),
(207042016,'BUDIDAYA IKAN BELANAK DAN IKAN MAS ','Kusno Waluyo',2010,'Epsilon Grup',NULL,3,3),
(208042016,'BUDIDAYA KACANG TANAH ','Kusno Waluyo',2010,'Epsilon Grup',NULL,3,3),
(209042016,'BUDIDAYA MELON DAN SUKUN ','Kusno Waluyo',2010,'Epsilon Grup',NULL,3,3),
(210042016,'KIAT SUKSES BERAGRIBISNIS MURBEI DAN SIRSAK','Kusno Waluyo',2010,'Epsilon Grup',NULL,3,3),
(211042016,'BUDIDAYA NANAS ','Kusno Waluyo',2010,'Epsilon Grup',NULL,3,3),
(212042016,'BUDIDAYA LEBAH MADU','Kusno Waluyo',2010,'Epsilon Grup',NULL,3,3),
(213042016,'LIFE IS CHOICE','Perlindungan Marpaung ',2010,'MQS Publishing',NULL,1,1),
(214042016,'JALAN HIDUPMU','Ahmad zikri',2006,'Ananda',NULL,1,1),
(215042016,'NEVER GIVE UP KEEP FIGHT','Multitama communication',2010,'Qistti Press',NULL,1,1),
(216042016,'KIAT SUKSES BERAGRIBISNIS CABAI','Kusno Waluyo',2011,'Epsilon Grup',NULL,3,3),
(217042016,'BUDIDAYA KAMBING','Kusno Waluyo',2002,'Epsilon Grup',NULL,2,2),
(218042016,'BUDIDAYA DURIAN','Kusno Waluyo',2002,'Epsilon Grup',NULL,2,2),
(219042016,'BUDIDAYA UBI JALAR DAN KENTANG','Kusno Waluyo',2002,'Epsilon Grup',NULL,3,3),
(220042016,'BUDIDAYA IKAN MUJAIR ','Kusno Waluyo',2002,'Epsilon Grup',NULL,3,3),
(221042016,'BUDIDAYA KANGKUNG DAN BAYAM','Kusno Waluyo',2002,'Epsilon Grup',NULL,3,3),
(222042016,'BUDIDAYA LELE DUMBO','Kusno Waluyo',2002,'Epsilon Grup',NULL,3,3),
(223042016,'BUDIDAYA STROBERI','Kusno Waluyo',2002,'Epsilon Grup',NULL,3,3),
(224042016,'BUDIDAYA IKAN MASKOKI','Kusno Waluyo',2002,'Epsilon Grup',NULL,3,3),
(225042016,'PANDUAN TEKNIS BUDIDAYA DAN PEMANENAN INDIGOFERA Z','Luki Abdullah',2016,'IPB Press',NULL,2,2),
(226042016,'BUDIDAYA ANGGUR','Kusno Waluyo',2012,'Epsilon Grup',NULL,3,3),
(227042016,'AGRICULTURE','Sofia Rangkiti',1990,'Gramedia',NULL,1,1),
(228042016,'USAHA PEMBESARAN AYAM PEDAGING','Eko M nurcahyo',1998,'Penebar Swadaya',NULL,1,1),
(229042016,'BUDIDAYA DAN PEMASTERAN BURUNG KACER','Iwan putranto',0,'Pustaka Baru Press',NULL,1,1),
(230042016,'AGRIBISNIS JAMUR MERANG ','Kusno Waluyo',2010,'Epsilon Grup',NULL,2,2),
(231042016,'BERCOCOK TANAM KOPI','AKSI AGRARIS KANISIUS',1974,'Kanisius',NULL,1,1),
(232042016,'BUDIDAYA PISANG','Kusno Waluyo',2008,'Epsilon Grup',NULL,1,1),
(233042016,'BUDIDAYA MANGGA','Kusno Waluyo',2008,'Epsilon Grup',NULL,2,2),
(234042016,'BETERNAK SAPI, KAMBING DAN DOMBA POTONG','M. Irfan Hilmi Mutaqin',2011,'Cahaya Atma',NULL,1,1),
(235042016,'IKAN MAS KOLAM AIR DERAS ','Pinus Lingga',1985,'Penebar Swadaya',NULL,1,1),
(236042016,'PETUNJUK PRAKTIS BUDIDAYA LELE DUMBO DAN LOKAL ','Budi santoso',1994,'Kanisius',NULL,1,1),
(237042016,'KOL ALIAS KUBIS','Ir. Pracaya',1992,'Penebar Swadaya',NULL,1,1),
(238042016,'PEDOMAN BETERNAK KUDA','Tani Mandiri',2010,'Nuansa Auliya',NULL,1,1),
(239042016,'BUDIDAYA MINA ITIK','Dudung abdul muslim',1992,'kansius',NULL,1,1),
(240042016,'PEMBESARAN PEDET JANTAN SAPI PERAH','Departemen pertanian',1986,'Departemen pertanian',NULL,1,1),
(241042016,'BUDIDAYA PADANG RUMPUT TROPIKA','R.J MCILROY',1997,'Pradnya Paramita',NULL,1,1),
(242042016,'EKSTENSIA VOLUME 10','Ekstensia',1999,'Ekstensia',NULL,1,1),
(243042016,'PANDUAN LENGKAP KAMBING DAN DOMBA','I-Ketil Sutama',2009,'Penebar Swadaya',NULL,1,1),
(244042016,'KAYU SENGON','Iskandar Z. Siregar',2009,'Penebar Swadaya',NULL,1,1),
(245042016,'LALAB','Unus Suriawiria',0,'SKM Motra Desa',NULL,1,1),
(246042016,'BUDIDAYA LELE DUMBO DI KOLAM TERPAL','Khairuman SP,',2009,'Agro media',NULL,1,1),
(247042016,'BUDIDAYA BELUT','Agro media',2008,'Agro media',NULL,1,1),
(248042016,'KAYU JABON','Dr. Ir. Irdika Mansur',2010,'Penebar Swadaya',NULL,1,1),
(249042016,'Sukses Berkat Coklat','Rahmat Sunnara',2011,'Talenta',NULL,1,1),
(250042016,'BUKU PINTAR BUDIDAYA KROTO, ULAT KONGKONG DAN JANG','Sitiatava Rizema Putra',2014,'Flash book',NULL,1,1),
(251042016,'SUKSES BESAR DENGAN JERUK','Rahmat Sunnara',2009,'Buana cipta pustaka',NULL,3,3),
(252042016,'SUKSES BESAR DENGAN APEL','Rahmat Sunnara',2010,'Talenta',NULL,3,3),
(253042016,'SUKSES BERKAT COKLAT','Rahmat Sunnara',2011,'Talenta',NULL,2,2),
(254042016,'BELAJAR MENANAM SAYURAN','Cepy Suherman',2009,'Kenanga',NULL,2,2),
(255042016,'SUKSES BESAR DENGAN MANGGA','Rahmat Sunnara',2014,'Buana cipta pustaka',NULL,3,3),
(256042016,'MENGUASAI IPA SISTEM KEBUT SEMALAM','Muhammad Doddy',2011,'Pustaka Gema Media',NULL,1,1),
(257042016,'FISIOLOGI HEWAN','Damdi Goenarso',2011,'Universitas Terbuka',NULL,1,1),
(258042016,'BIOLOGI SAINS DALAM KEHIDUPAN','Bagod Sudjadi',2006,'Yudhistira',NULL,1,1),
(259042016,'KIMIA UNTUK SMU KELAS 1','Ucu Cahyana',2002,'Piranti',NULL,1,1),
(260042016,'CEPAT HAFAL SEMUA MATERI BIOLOGI DAN KIMIA','Rudi norman permana',2012,'Kawah media',NULL,1,1),
(261042016,'STRATEGI KEBUT SEMALAM FSIKA SMA','INDRI PURWANTI ',2010,'Cakrawala',NULL,1,1),
(262042016,'BAHAS HABIS-HABISAN RUMUS FISIKA','Dhian Cipta sari',2010,'Trans Media',NULL,1,1),
(263042016,'MEMBUAT DESAIN SISTEM KEAMANAN JARINGAN','Andi Novianto',2015,'Erlangga',NULL,1,1),
(264042016,'MATEMATIKA UNTUK SMK','Kasmina',2014,'Erlangga',NULL,1,1),
(265042016,'MODAL MEMPROSES PERJALANAN BISNIS','Sri Endang R',2010,'Erlangga',NULL,1,1),
(266042016,'MODUL MENANGANI KONFLIK KONSUMEN','Bagyono',2008,'Erlangga',NULL,1,1),
(267042016,'PENGANTAR ADMINISTRASI PERKANTORAN ','Sri Endang R',2015,'Erlangga',NULL,1,1),
(268042016,'MODUL MELAKUKAN KONFIRMASI KEPUTUSAN PELANGGAN','',0,'',NULL,1,1),
(269042016,'PROGRAM NASIONAL PEMBERDAYAAN MASYARAKAT DESA','Firdaus soleh',2011,'Genesindo',NULL,2,2),
(270042016,'ATLAS INDONESIA DAN DUNIA','',0,'Pustaka Agung',NULL,1,1),
(271042016,'EKONOMI KELAS 1 SMA','Hj. Sukwiaty',2005,'Yudhistira',NULL,1,1),
(272042016,'FORWARD FOR VOCATIONAL GRADE XI','Shyla k Lande ',2013,'Erlangga',NULL,1,1),
(273042016,'PRODUKTIF BERBAHASA INDONESIA','Yushnah',2013,'Erlangga',NULL,1,1),
(274042016,'VISIT MAJALENGKA','Dispora Budpar',0,'Dispora Budpar',NULL,1,1),
(275042016,'MALAYSIA TRAVEL GUIDE','',2014,'Tourism Malaysia Office',NULL,1,1),
(276042016,'KEPARIWISATAAN DAN PERJALANAN','A.J. Muljadi',2016,'Rajawali prees',NULL,1,1),
(277042016,'MEMBANGUN DAN MENGEMBANGKAN KEBUDAYAAN DAN INDUSTR','Sedarmayanti',2014,'Aditama',NULL,1,1),
(278042016,'ZERO TO HERO','Solikin Abu Izzudin',0,'Pro-you media',NULL,1,1),
(279042016,'MIRAELE OF NETWORK MARKETING BUSINESS','MIM Leaders',2007,'MQS Publishing',NULL,1,1),
(280042016,'RIWAYAT SUKSES ','John D. Rockfelier',1980,'Gunung jati ',NULL,1,1),
(281042016,'BUKAN PEREMPUAN BIASA ','Fitria Zelfis',2013,'Buku pintar 2013',NULL,1,1),
(282042016,'PETUNJUK PELAKSANAAN PEMBINAAN DAN PENG. GUDEP DI ','Kwarnas Gerakan Pramuka ',1982,'Kwarnas ',NULL,1,1),
(283042016,'ERA BARU KEPANDUAN INDONESIA ','Mansur Asyine',2003,'Q. Center Bandung',NULL,1,1),
(284042016,'BIMBINGAN DAN KONSELING DALAM PENDIDIKAN','Pupuh fathurahman',2002,'Pustaka Adhigama',NULL,1,1),
(285042016,'PENGEMBANGAN PROFESI BIMBINGAN DAN KONSELING ',' Moch. Nursalim',2015,'Erlangga',NULL,1,1),
(286042016,'NERAKA MANAJEMEN ','Robert D. Gilbreath',2005,'Kaifa ',NULL,1,1),
(287042016,'STATISTIKA UNTUK EKONOMI DAN NIAGA','Sudjana',2001,'Tarsito',NULL,1,1),
(288042016,'METODE RISET BISNIS DAN MANAJEMEN','A Gima Sugiama',2008,'Guardaya Intimarta',NULL,1,1),
(289042016,'PEMBINA HOME INDUSTRY','Agus ibnu Ibad ',1974,'HKPN',NULL,1,1),
(290042016,'DISIPLIN TANPA HUKUMAN','Rudolf Dreikurs',1986,'Remadja Karya',NULL,1,1),
(291042016,'PENEMUAN BARU KESEMBUHAN MELALU PIJAT REPLEKSI','Mark S',0,'Mawar',NULL,1,1),
(292042016,'PANDUAN PENDIDIKAN BERBASIS BAKAT SISWA','Sitiatava Rizema Putra',2013,'Diva press',NULL,1,1),
(293042016,'MORAL SUMBER PENDIDIKAN','Dr. Musidin .M.Pd.',2011,'Ghalia indonesia',NULL,1,1),
(294042016,'PERATURAN PER. UU MENDIKNAS 6','Rama Edukasitama',2010,'Rama edukasitama',NULL,2,2),
(295042016,'PERATURAN PER. UU MENDIKNAS 1','Rama Edukasitama',2010,'Rama Edukasitama',NULL,2,2),
(296042016,'PERATURAN PER. UU MENDIKNAS 5','Rama Edukasitama',2010,'Rama edukasitama',NULL,2,2),
(297042016,'PERATURAN PER. UU MENDIKNAS 2','Rama Edukasitama',2010,'Rama edukasitama',NULL,2,2),
(298042016,'PERATURAN PER. UU MENDIKNAS 4','Rama Edukasitama',2010,'Rama edukasitama',NULL,2,2),
(299042016,'PERATURAN PER. UU MENDIKNAS 3','Rama Edukasitama',2010,'Rama edukasitama',NULL,2,2),
(300042016,'LESSON STUDY','Gunawan Undang',2009,'Sayagatama press',NULL,3,3),
(301042016,'MEMBUAT KARYA TULIS ILMIAH','Mohamad surya',2014,'Mitra surya',NULL,4,4),
(302042016,'PEDOMAN PENGGUNAAN BAHAN TAMBAHAN PANGAN  PADA PRO','Badan POM RI',2016,'Badan POM',NULL,1,1),
(303042016,'PEDOMAN CARA PRODUKSI PANGAN OLAHAN YANG BAIK (CPP','Badan POM RI',2016,'Badan POM',NULL,1,1),
(304042016,'PEDOMAN PEMILIHAN JENIS KEWASAN PANGAN','Badan POM RI',2015,'Badan POM',NULL,1,1),
(305042016,'BERPIKIR DAN BERMIMPI BESAR','Saca suhendi',2015,'CV. Insan Mandiri',NULL,1,1),
(306042017,'MODUL PELATIHAN IMPLEMENTASI STANDAR MUTU DAN KEAM','Badan POM RI',2017,'Badan POM',NULL,1,1),
(307042017,'MODUL SSOP DAN HCCP','Badan POM RI',2017,'Badan POM',NULL,2,2),
(308042017,'PANGAN HALAL DAN THOYYID','Badan POM RI',2016,'Badan POM',NULL,2,2),
(309042017,'PEDOMAN PENGGUNAAN BAHAN TAMBAHAN PANGAN  PADA PRO','Badan POM RI',2017,'Badan POM',NULL,1,1),
(310042016,'TEKNIK PENELITIAN TINDAKAN KELAS','Gunwan Undang',2009,'Sayagatama press',NULL,1,1),
(311042016,'CEGAH PENYAKIT ORANG KANTORAN','Hario Tilarso ',2011,'B. First',NULL,1,1),
(312042016,'TEGAKNYA SUPREMASI HUKUM','Mulyana W. kusumah',2001,'Rosda',NULL,1,1),
(313042016,'KEKERASAN SIMBOLIK DI SEKOLAH SEBUAH IDE SOSIOLOGI','Nanang Martono',2012,'Rajagrafindo',NULL,1,1),
(314042016,'ILMU KOMUNIKASI','Onong uehjana',2000,'Rosda',NULL,1,1),
(315042016,'PERILAKU ORGANISASI','Yayat Hayati',2003,'Alfabeta ',NULL,1,1),
(316042016,'UU PERKOPERASIAN DAN UMKM','fokus media',2008,'fokus media',NULL,1,1),
(317042016,'POTRET GURU DALAM DESAIN PRANGKO','Depdiknas ',2004,'Depdiknas',NULL,1,1),
(318042016,'ENSIKLOPEDIA SENI BUDAYA DAN KETERAMPILAN GORONTAL','Ririen setiarini',2011,'M2U',NULL,1,1),
(319042016,'ENSIKLOPEDIA IPTEK','Andarini Saptika ',2015,'M2U',NULL,1,1),
(320042016,'ENSIKLOPEDIA JATENG, JATIM, KALBAR','Ririen Marlia Setiarini',2011,'M2U',NULL,2,2),
(321042016,'ENSIKLOPEDIA BENGKULU, YOGYA, JALARTA','Andarini Saptika ',2011,'M2U',NULL,2,2),
(322042016,'ENSIKLOPEDIA BALI, BELITUNG, BANTEN','Dwi Mixa',2011,'M2U',NULL,2,2),
(323042016,'ENSIKLOPEDIA KIMIA UNSUR ','Andarini Saptika ',2015,'M2U',NULL,1,1),
(324042016,'ENSIKLOPEDIA BAHAN DAN TEKNOLOGI','Fachri Aljupri',2013,'M2U',NULL,2,2),
(325042016,'ENSIKLOPEDIA ALAT MUSIK TRADISIONAL INDONESIA','Nenden Rilla. A',2014,'Wadah ilmu',NULL,2,2),
(326042016,'ENSIKLOPEDI ALAT MUSIK DUNIA','Sarkonah ',2012,'Wadah Ilmu',NULL,2,2),
(327042016,'ENSIKLOPEDI OLAHRAGA','Azhar Dzakii',2010,'M2U',NULL,2,2),
(328042016,'ENSIKLOPEDI KESEHATAN 1','Koes Irianto',2010,'Epsilon Grup',NULL,2,2),
(329042016,'ENSIKLOPEDI KESEHATAN 2','Koes Irianto',2010,'Epsilon Grup',NULL,2,2),
(330042016,'ENSIKLOPEDI KESEHATAN 3','Koes Irianto',2010,'Epsilon Grup',NULL,2,2),
(331042016,'ENSIKLOPEDI KESEHATAN 4','Koes Irianto',2010,'Epsilon Grup',NULL,2,2),
(332042016,'ENSIKLOPEDI KESEHATAN 5','Koes Irianto',2010,'Epsilon Grup',NULL,2,2),
(333042016,'ENSIKLOPEDI KESEHATAN 6','Koes Irianto',2010,'Epsilon Grup',NULL,2,2),
(334042016,'ENSIKLOPEDI BIO SAINS 1','Koes Irianto',2010,'Epsilon Grup',NULL,2,2),
(335042016,'ENSIKLOPEDI BIO SAINS 2','Koes Irianto',2010,'Epsilon Grup',NULL,2,2),
(336042016,'ENSIKLOPEDI BIO SAINS 3','Koes Irianto',2010,'Epsilon Grup',NULL,2,2),
(337042016,'ENSIKLOPEDI BIO SAINS 4','Koes Irianto',2010,'Epsilon Grup',NULL,2,2),
(338042016,'ENSIKLOPEDI BIO SAINS 5','Koes Irianto',2010,'Epsilon Grup',NULL,2,2),
(339042016,'ENSIKLOPEDI GIZI 1','Koes Irianto',2010,'Epsilon Grup',NULL,2,2),
(340042016,'ENSIKLOPEDI GIZI 2','Koes Irianto',2010,'Epsilon Grup',NULL,2,2),
(341042016,'ENSIKLOPEDI GIZI 3','Koes Irianto',2010,'Epsilon Grup',NULL,2,2),
(342042016,'ENSIKLOPEDI GIZI 4','Koes Irianto',2010,'Epsilon Grup',NULL,2,2),
(343042016,'ENSIKLOPEDI GIZI 5','Koes Irianto',2010,'Epsilon Grup',NULL,2,2),
(344042016,'ENSIKLOPEDI GIZI 6','Koes Irianto',2010,'Epsilon Grup',NULL,2,2),
(345042016,'ENSIKLOPEDIA OLAHRAGA BOLA KECIL','E. Takari',2014,'Epsilon Grup',NULL,2,2),
(346042016,'ENSIKLOPEDIA OLAHRAGA BOLA BESAR','E. Takari',2014,'Epsilon Grup',NULL,2,2),
(347042017,'TROBOS EDISI 196 JANUARI 2016','Trobos',2016,'Trobos',NULL,1,1),
(348042017,'TROBOS EDISI 197 FEBRUARI 2016','Trobos',2016,'Trobos',NULL,1,1),
(349042017,'TROBOS EDISI 198 MARET 2016','Trobos',2016,'Trobos',NULL,1,1),
(350042017,'TROBOS EDISI 199 APRIL 2016','Trobos',2016,'Trobos',NULL,1,1),
(351042017,'TROBOS EDISI 200 MEI 2016','Trobos',2016,'Trobos',NULL,1,1),
(352042017,'TROBOS EDISI 201 JUNI 2016','Trobos',2016,'Trobos',NULL,1,1),
(353042017,'TROBOS EDISI 202 JULI 2016','Trobos',2016,'Trobos',NULL,1,1),
(354042017,'TROBOS EDISI 203 AGUSTUS 2016','Trobos',2016,'Trobos',NULL,1,1),
(355042017,'TROBOS EDISI 204 SEPTEMBER 2016','Trobos',2016,'Trobos',NULL,1,1),
(356042017,'TROBOS EDISI 205 OKTOBER2016','Trobos',2016,'Trobos',NULL,1,1),
(357042017,'TROBOS EDISI 206 NOVEMBER 2016','Trobos',2016,'Trobos',NULL,1,1),
(358042017,'TROBOS EDISI 207 DESEMBER 2016','Trobos',2016,'Trobos',NULL,1,1),
(359042017,'TROBOS EDISI 208 JANUARI 2017','Trobos',2016,'Trobos',NULL,1,1),
(360042017,'TROBOS EDISI 209 FEBRUARI 2017','Trobos',2016,'Trobos',NULL,1,1),
(361042016,'TROBOS EDISI 210 MARET 2017','Trobos',2016,'Trobos',NULL,1,1),
(362042017,'TROBOS EDISI 211 APRIL 2017','Trobos',2016,'Trobos',NULL,1,1),
(363042017,'TROBOS EDISI 212 MARET 2017','Trobos',2016,'Trobos',NULL,1,1),
(364042016,'BUDIDAYA TERNAK ITIK','Dinas hutbunak Majalengka',0,'',NULL,2,2),
(365042016,'BULETIN PETERNAKAN UGM','Yuny Erwanto',2015,'Fapet UGM',NULL,2,2),
(366042016,'BULETIN PETERNAKAN UGM','Panjono',2014,'Fapet UGM',NULL,1,1),
(367042016,'KONTROVERSI DALAM PENDIIDIKAN','Howard ozmon',2004,'Q. Center Bandung',NULL,59,59),
(368042016,'MENGENAL RABIES DAN PENCEGAHAN','Direktorat kesehatan hewan',2015,'Kementan',NULL,97,97),
(369042016,'BUDIDAYA PISANG','Kusno Waluyo',2010,'Epsilon Grup',NULL,1,1),
(370042016,'MASA DEPAN KESUNYIAN ','Radhar Panca Dahana',1997,'Bigraf publishing',NULL,1,1),
(371042016,'SERI INTISARI ILMU MAMALIA','Jinny Jhonson ',2001,'Erlangga',NULL,1,1),
(372042016,'PERCEPATAN REZEKI','Ippho Right Santosa',2011,'PT. Elex media k.',NULL,1,1),
(373042016,'PENDIDIKAN PANCASILA DAN KEWARGANEGARAAN ','Kemendikbud',2014,'Kemendikbud',NULL,73,73),
(374042016,'SEJARAH INDONESIA KELAS X','Kemendikbud',2014,'Kemendikbud',NULL,78,78),
(375042016,'PRAKARYA DAN KEWIRAUSAHAAN X','Kemendikbud',20154,'Kemendikbud',NULL,80,80),
(376042016,'MATEMATIKA X','Kemendikbud',2014,'Kemendikbud',NULL,80,80),
(377042016,'BAHASA INGGRIS X','Kemendikbud',2014,'Kemendikbud',NULL,71,71),
(378042017,'KAMUS BESAR BAHASA INDONESIA','Depdiknas',2015,'Gramedia',NULL,1,1),
(379042017,'BIMBINGAN KONSELING SMA X','Renita Mulyaningtyas',2006,'Esis',NULL,1,1),
(380042017,'BIMBINGAN KONSELING SMA XI','Renita Mulyaningtyas',2007,'Esis',NULL,1,1),
(381042017,'CAHARA BASA X','Taufik fatrohman',2013,'Geger sunten',NULL,1,1),
(382042017,'CAHARA BASA XI','Taufik fatrohman',2013,'Geger sunten',NULL,1,1),
(383042017,'CAHARA BASA XII','Taufik fatrohman',2013,'Geger sunten',NULL,1,1),
(384042017,'IPS X','Juhana wijaya, Dkk',2007,'Armico',NULL,1,1),
(385042017,'IPSXI','Juhana Wijaya',2007,'Armico',NULL,1,1),
(386042017,'SENI BUDAYA SMK X','Harry D. Fauzi',2007,'Armico',NULL,1,1),
(387042017,'SEJARAH INDONESIA KELAS XI','Harry D. Fauzi',2007,'Armico',NULL,1,1),
(388042017,'KKPI SMK X','Harry D. Fauzi',2007,'Armico',NULL,1,1),
(389042017,'KKPI SMK XI','Harry D. Fauzi',2007,'Armico',NULL,1,1),
(390042017,'KIMIA SMK X','Yuliadi',2007,'Armico',NULL,1,1),
(391042017,'KIMIA XI','Yuliadi',2007,'Armico',NULL,1,1),
(392042017,'KIMIA SMK XII','Yuliadi',2008,'Armico',NULL,1,1),
(393042017,'BIOLOGI SMK X','Wiwin Setiawati',2011,'Yudhistira',NULL,1,1),
(394042017,'BIOLOGI SMK XI','Wiwin Setiawati',2011,'Yudhistira',NULL,1,1),
(395042017,'BIOLOGI SMK XII','Wiwin Setiawati',2011,'Yudhistira',NULL,1,1),
(396042017,'MATEMATIKA SMK X','M.K. ALAMSYAH',2013,'Armico',NULL,1,1),
(397042017,'MATEMATIKA SMK XI','M.K. ALAMSYAH',2013,'Armico',NULL,1,1),
(398042017,'MATEMATIKA SMK XII','M.K. Alamsyah',2008,'Armico',NULL,1,1),
(399042017,'MATEMATIKA SMK X','Maman Abdurahman',2007,'Armico',NULL,1,1),
(400042017,'MATEMATIKA SMK XI','Maman Abdurahman',2007,'Armico',NULL,2,2),
(401042017,'IPA SMK/MAK X','Cucu suhandar ',2009,'Armico',NULL,1,1),
(402042017,'IPA SMK/MAK XI','Cucu suhandar ',2009,'Armico',NULL,1,1),
(403042017,'IPA SMK/MAK XII','Cucu suhandar ',2009,'Armico',NULL,1,1),
(404042017,'MENERBITKAN TIKET PENERBANGAN INTERNASIONAL','Mustafa',2005,'Erlangga ',NULL,1,1),
(405042017,'ENGLISH FOR VOCATIONAL SCHOOL BOOK 1','Nana suryana',2006,'Armico',NULL,1,1),
(406042017,'ENGLISH FOR VOCATIONAL SCHOOL BOOK 2','Nana suryana',2007,'Armico',NULL,1,1),
(407042016,'TENSES 16 BENTUK WAKTU ','Edwin MBA',1994,'Alfa',NULL,1,1),
(408042017,'ENGLISH FOR VOCATIONAL SCHOOL BOOK 3','Nana suryana',2007,'Armico',NULL,1,1),
(409042016,'SMART LEARNER\'S HAND BOOK','Stare Team',2009,'Smart ILC Press',NULL,1,1),
(410042017,'MELAKSANAKAN PELAYANAN PRIMA ','Widaningsih Samsul Rizal',2011,'Erlangga',NULL,2,2),
(411042017,'MENERAPKAN K3LH','Vida Hasna Farida',2010,'Arfino',NULL,1,1),
(412042017,'MELAKSANAKAN PENAGIHAN PEMBAYARAN ','Widaningsih Samsul Rizal',2008,'Erlangga',NULL,1,1),
(413042017,'KONFIRMASI KEPUTUSAN PELANGGAN','Sutrisno',2006,'Yudhistira',NULL,1,1),
(414042017,'MELAKUKAN PENYERAHAN/PENGIIRIMAN PRODUK','Widaningsih Samsul Rizal',2015,'Erlangga ',NULL,1,1),
(415042017,'KAMUS BASA SUNDA','R.A. Danadibrata',2015,'Kiblat',NULL,1,1),
(416042017,'KAMUS INDONESIA-INGGRIS','John M. Echoles',2016,'Gramedia',NULL,2,2),
(417042017,'KAMUS INGGRIS-INDONESIA','John M. Echoles',2014,'Gramedia',NULL,2,2),
(418042016,'BAHASA INDONESIA X','Ahmad ishak',208,'Erlangga',NULL,1,1),
(419042016,'BAHASA INDONESIA XI','Ahmad ishak',2008,'Erlangga',NULL,1,1),
(420042016,'BAHASA INDONESIA XII','Ahmad ishak',2008,'Erlangga ',NULL,1,1),
(421042017,'BAHASA INDONESIA SMK X','Euis Honiatri',2006,'Armico',NULL,1,1),
(422042017,'BAHASA INDONESIA SMK XI','Euis Honiatri',2006,'Armico',NULL,1,1),
(423042017,'BAHASA INDONESIA SMK XII','Euis Honiatri',2006,'Armico',NULL,1,1),
(424042017,'PKN SMK X','Kokom komalasari',2007,'Armico',NULL,1,1),
(425042017,'PKN SMK XI','Kokom komalasari',2007,'Armico',NULL,1,1),
(426042017,'PKN SMK XII','Kokom komalasari',2007,'Armico',NULL,1,1),
(427022017,'MENEMUKAN PELUANG BARU DARI PELANGGAN','Sutrisno',2006,'Yudhistira',NULL,1,1),
(428042017,'PAI SMK X ','A. Wahid Sy.',2007,'Armico',NULL,1,1),
(429042017,'PAI SMK XI','A. Wahid Sy.',2015,'Armico',NULL,1,1),
(430042017,'PAI SMK XII','A. Wahid Sy.',2007,'Armico',NULL,1,1),
(431042017,'KWU SMK X','Ating tedjasutisna',2007,'Armico',NULL,1,1),
(432042017,'KWU SMK XI','Ating tedjasutisna',2008,'Armico',NULL,1,1),
(433042017,'KWU SMK XII','Ating tedjasutisna',2008,'Armico',NULL,1,1),
(434022017,'MEMAHAMI PRINSIP-PRNSIP BISNIS ','Widaningsih',2010,'Erlangga',NULL,2,2),
(435042016,'PAI SMK XI','Muchtar , Nashikun',2011,'Erlangga',NULL,1,1),
(436042016,'PAI SMK X ','Muchtar , Nashikun',2011,'Erlangga',NULL,1,1),
(437022017,'MENARTA PRODUK','Widaningsih',2008,'Erlangga',NULL,1,1),
(438022017,'MELAKUKAN PEMASARAN BARANG DAN JASA','Widaningsih',2008,'Erlangga',NULL,2,2),
(439042016,'SENI BUDAYA SMK XI','Sugiyanto',2012,'Erlangga',NULL,1,1),
(440022017,'MELAKUKAN PROSEDUR ADMINISTRASI ','Sri Endang R',2012,'Erlangga',NULL,1,1),
(441022017,'MELAKSANAKAN NEGOSIASI','Sutrisno',2010,'Yudhistira',NULL,1,1),
(442022017,'PROFESI0NAL BEKERJA DAN KOMUNIKASI BISNIS','Widaningsih',2010,'Yudhistira',NULL,1,1),
(443022017,'MELAKSANAKAN PROSES ADMINISTRASI TRANSAKSI','Widaningsih',2012,'Erlangga',NULL,1,1),
(444022017,'MELAKSANAKAN KOMUNIKASI BISNIS','Yeti sumaryati',2010,'Armico',NULL,1,1),
(445022017,'MENATA PRODUK','Widaningsih',2013,'Erlangga',NULL,1,1),
(446022017,'BEKERJASAMA DENGAN KOLEGA DAN PELANGGAN','Sri Endang R',2009,'Erlangga',NULL,1,1),
(447012017,'MEMPRESENTASIKAN KOMENTAR PEMANDUAN WISATA','Mangatos siringoringo',2015,'Erlangga',NULL,1,1),
(448012017,'MENERBITKAN TIKET PENERBANGAN DOMESTIK','Mustafa',2015,'Erlangga',NULL,1,1),
(449012017,'MELAKUKAN KOMUNIKASI MELALUI HP','Euis Honiatri',2009,'Armico',NULL,1,1),
(450012017,'MELAKUKAN PEKERJAAN DALAM LINGKUNGAN SOSIAL BERBED','Bagyono',2012,'Erlangga',NULL,1,1),
(451022017,'MEMBUKA USAHA ECERAN/RITEL','Rozaniwati',2010,'Erlangga',NULL,1,1),
(452042017,'PJOK SMK X','Muhajir ',2012,'Yudhistira',NULL,1,1),
(453042017,'PJOK SMK XI','Muhajir ',2012,'Yudhistira',NULL,1,1),
(454042017,'PJOK SMK XII','Muhajir ',2012,'Yudhistira',NULL,1,1),
(455042017,'FISIKA X','M. Suratman',2006,'Armico',NULL,1,1),
(456042017,'FISIKA XI','M. Suratman',2007,'Armico',NULL,1,1),
(457042017,'FISIKA XII','M. Suratman',2014,'Armico',NULL,1,1),
(458042017,'TURUN KE DESA','M.St. iskandar',2011,'Balai pustaka',NULL,1,1),
(459042017,'AGAR MUSLIMAH TEGAR DI JALAN HIDAYAH','Ishom bin muh. Asy-syarif',2003,'Al-qowam',NULL,1,1),
(460032017,'NUTRISI AYAM PETELUR','Dr. Ir. ibnu katsir amrulloh',2004,'lembaga satu gunungbudo',NULL,2,2),
(461032017,'NUTRISI AYAM BROILER','Dr. Ir. ibnu katsir amrulloh',2004,'lembaga satu gunungbudo',NULL,2,2),
(462032017,'TEKNOLOGI PENGOLAHAN JERAMI','Dr.Ir. Abdel komar',1984,'Yayasan dian Gratika Indonesia ',NULL,4,4),
(463032017,'ILMU PENYAKIT TERNAK II','Subronto-tjahjati',2001,'Gadjah mada University press',NULL,1,1),
(464042017,'KAMUS BIOLOGI','Wildan yatim',2007,'Yayasan Obor Indonesia',NULL,1,1),
(465032017,'FISIOLOGI DAN TEKNOLOGI REPRODUKSI HEWAN BETINA DO','RHF Hunter',1995,'ITB ',NULL,1,1),
(466042017,'PANEN BAWAL 40 HARI','Usni Arie',2012,'Penebar Swadaya',NULL,1,1),
(467042017,'PETIK SAYURAN DILAHAN SEMPIT','Bagus harianto',2017,'Penebar Swadaya',NULL,1,1),
(468042017,'CARA SEDERHANA PEMBUATAN IKAN ASAP','Yayat priati',2007,'Panca Anugrah Sakti',NULL,1,1),
(469032017,'DAFTAR PRODUK-PRODUK  ','PT. Mensana aneka satwa ',0,'PT. Mensana aneka satwa ',NULL,1,1),
(470032017,'PRODUCT CATALOG','PT. Sanbio Laboratories',0,'PT. Sanbio Laboratories',NULL,1,1),
(471032017,'ASPEK PENTING DALAM PENCEGAHAN PENYAKIT ','USAID',0,'USAID',NULL,1,1),
(472032017,'VAKSINASI AI','Kementan RI',2014,'Kementan RI',NULL,1,1),
(473032017,'BIOSEXURITI 3-ZONA','Kementan RI',2014,'Kementan RI',NULL,1,1),
(474032017,'KEUNTUNGAN MENINGKAT DENGAN MEMBERSIHKAN TEMPAT MA','Kementan RI',2014,'Kementan RI',NULL,1,1),
(475042017,'BISNIS BENIH LELE UNTUNG 200%','B. prasetya ',2013,'Penebar Swadaya',NULL,1,1),
(476042017,'RESEP SERBA AYAM PENGGUGA SELERA ','Indriyani ',2013,'Duma Kreasi',NULL,1,1),
(477042017,'TEKNIK MENDESAIN BAJU SENDIRI','Rasti F. saputra',2016,'Dua media',NULL,1,1),
(478042017,'KAMUS BIOLOGI REPRODUKSI','Mien A. rifai',1996,'Rineka Cipta',NULL,1,1),
(479042017,'SUKSES PANEN CABAI TIAP HARI','M. Syukur,dkk',2012,'Penebar Swadaya',NULL,1,1),
(480042016,'RUMAHKU SURGAKU ','Djauharuddin ',1991,'Badan P2A',NULL,1,1),
(481042016,'SERPIHAN HATI','Pipiet senja ',2004,'Mizan ',NULL,1,1),
(482042016,'BEDAH MASALAH KONTEMPORER AQIDAH AKHLAK  ','Aam Amiruddin',2008,'Khazanah intelektual',NULL,1,1),
(483042016,'METODE SEHAT DAN PENYEMBUHAN PENYAKIT DENGAN POSIT','H. Nanat Fatah Natsir ',2009,'Kutub ',NULL,1,1),
(484042016,'AL-QURANULKARIM ','DR. H. Aam amirudin ',2016,'Perpustaka MQRI',NULL,20,20),
(485012018,'SANITASI, HYGIENE DAN KESELAMATAN KERJA  ','Asep Parantika ',2018,'Erlangga',NULL,10,10),
(486042018,'PJOK','Indriati A.R',2018,'Erlangga',NULL,10,10),
(487022018,'ADMINISTRASI UMUM ','Sri Endang R',2018,'Erlangga',NULL,10,10),
(488042018,'SEJARAH IDONESIA ','Ratna Hapsani',2018,'Erlangga',NULL,10,10),
(489022018,'EKONOMI BISNIS ','Alam S.',2018,'Erlangga',NULL,10,10),
(490012018,'KEPARIWISATAAN ','Mangatos siringoringo',2018,'Erlangga',NULL,8,10),
(491042018,'IPA TERAPAN','Suswanto Djony',2018,'Erlangga',NULL,10,10),
(492042018,'BAHASA INDONESIA X','Aji Septiaji, istikomah',0,'CV. Arya Duta',NULL,40,40),
(493042018,'BAHASA INDONESIA XI','Aji Septiaji, istikomah',0,'CV. Arya Duta',NULL,40,40),
(494042018,'PENDIDIKAN AGAMA ISLAM DAN BUDI PEKERTI X','Nelti Khairiyah dan suhendi zen',0,'CV. Arya Duta',NULL,40,40),
(495042018,'PENDIDIKAN PANCASILA DAN KEWARGANEGARAAN X','Nuryadi dan tolib',0,'CV. Arya Duta',NULL,40,40),
(496042018,'PENDIDIKAN AGAMA ISLAM DAN BUDI PEKERTI XI','Mustahdi dan mustakdim ',0,'CV. Arya Duta',NULL,40,40),
(497042018,'MATEMATIKA SMK XI','Sudianto manullang ',0,'CV. Arya Duta',NULL,40,40),
(498042018,'PENDIDIKAN PANCASILA DAN KEWARGANEGARAAN XI','Yusnawan lubis muh.sodeli',0,'CV. Arya Duta',NULL,40,40),
(499042018,'BAHASA INGGRIS X','Utami widianti',0,'CV. Arya Duta',NULL,35,35),
(500042018,'BAHASA INGGRIS XI','Mahrukh Bashir',0,'CV. Arya Duta',NULL,40,40),
(501042018,'MATEMATIKA X','Bornoko finaga ',0,'CV. Arya Duta',NULL,40,40),
(502042018,'PJOK X','Dra. indriati agung r',0,'CV. Arya Duta',NULL,10,10),
(503042018,'SIMDIG/TIK X','Andi Novianto',0,'CV. Arya Duta',NULL,20,20),
(504042018,'SENI BUDAYA X','Sugiyanto',0,'CV. Arya Duta',NULL,10,10),
(505042018,'PEGANGAN GURU BAHASA INDONESIA X','',0,'',NULL,0,0),
(506042018,'PEGANGAN GURU BAHASA INDONESIA XI','',0,'',NULL,0,0),
(507042018,'PEGANGAN GURU BAHASA INGGRIS X','',0,'',NULL,0,0),
(508042018,'PEGANGAN GURU BAHASA INGGRIS XI','',0,'',NULL,0,0),
(509042018,'PEGANGAN GURU MATEMATIKA X','',0,'',NULL,0,0),
(510042018,'PEGANGAN GURU MATEMATIKA XI','',0,'',NULL,0,0),
(511042019,'MENJADI WIRAUSAHA SUKSES','Ari fadiati, M.si Dedi purwana, M. Buss.',2011,'Rosda',NULL,1,1),
(512042019,'SEKOLAHNYA MANUSIA','Munif chatib',2015,'Kaifa ',NULL,1,1),
(513042019,'BLAK-BLAKAN KANKER PAYUDARA ','Dr. monty p. soemitro,sp.',2012,'Qanita ',NULL,1,1),
(514042019,'BERDAMAI DENGAN KANKER','Yuniarti tanjung ',2011,'Qanita ',NULL,1,1),
(515042019,'THE MIRACLE OF SOUL','Dr. Zhi gang sha',2009,'Yureka ',NULL,1,1),
(516042019,'2T TAKLUKAN TAKDIRMU ','Rusdin sraef, Shally novita ',2008,'Mizan',NULL,1,1),
(517042019,'BERPIKIR DAN BERJIWA BESAR ','David J. schwartz',1992,'Binarupa aksara ',NULL,1,1),
(518042019,'EINSTEIN NEVER USED FLASH CARD','Katmy hirsh pasek, Ph. D Roberta M. golin koff, ph',2005,'Kaifa ',NULL,1,1),
(519042019,'HYPNOSIS IN SELLING ','Johanes lim',2007,'Gramedia',NULL,1,1),
(520042019,'CHANGE YOUR THINKING, CHANGE YOUR IRFE','Brian Traery',2005,'Kaifa ',NULL,1,1),
(521042019,'QUANTUM LEEARNING ','Bobbi Deporter mike Hernacky',2005,'Kaifa ',NULL,1,1),
(522042019,'MEMECU KESEHATAN OTAK ','Kenneth Giuffre Theresa fury digerunimo',1999,'Buana ilmu Populer',NULL,1,1),
(523042019,'BUKU PINTAR OTAK KANAN MANUSIA ','Daniel H. pink',2006,'Think',NULL,1,1),
(524042019,'SPIRITUAL BUILDING VALUES ','Andie Kusuma Brata',2011,'Tinta medina',NULL,1,1),
(525042019,'5 KEBERANIAN YANG DIMILIKI ORANG SUKSES ','Komarudin Khalill',2008,'Bakkah Madina publishing',NULL,1,1),
(526042019,'MERAIH BERKAH DENGAN SHOLAT BEERJAMAAH','Dr. sa\'id bin Ali bin Wahf',2007,'Al-tazkia',NULL,1,1),
(527042019,'MENELANJANGI STRATEGI JIN','Aam Amiruddin',2006,'Khazanah intelektual',NULL,1,1),
(528042019,'MENJUAL SECARA PROFESIONAL ','Tom Hopkines ',2001,'Dahara prizes',NULL,1,1),
(529042019,'SEKOLAHNYA MANUSIA','Munif chatib',2009,'Kaifa ',NULL,1,1),
(530042019,'QUANTUM DOA','Syukriandi sambas ',2003,'Hikmah',NULL,1,1),
(531042019,'PENDIDIKAN BERBASIS REALITA SOSIAL','Firdaus m. yunip',2004,'Logug Pustaka ',NULL,1,1),
(532042019,'SEKOLAH BUKAN UNTUK MENCARI PEKERJAAN ','Suwati',2008,'Pustaka Grafika',NULL,1,1),
(533042019,'GOOD BUSINESS','M. Haly Csikszentmihaly',2007,'Mizan',NULL,1,1),
(534042019,'THE TRU POWEROF WATER ','Masaru Emoto',2006,'MQ Publishing',NULL,1,1),
(535042019,'SALES GENIUS','Tony Buzan',2006,'Kaifa ',NULL,1,1),
(536042019,'THE SECRETOF MINDSENT','Adi W. Gunawan ',2008,'Gramedia',NULL,1,1),
(537042019,'DAHSYATNYA HATI POSITIF','Rizal Ibrohim',2010,'Sabi',NULL,1,1),
(538042019,'Ideaship ','Jack Foster',2005,'Kaifa ',NULL,1,1),
(539042019,'BERBEDA ','Asuff Murthadha',2001,'quantum success',NULL,1,1),
(540042019,'AJARAN ISLAM DALAM BISNIS ','Buchari Alma',1993,'Alfabeta ',NULL,1,1),
(541042019,'TUUHAN INGIN ANDA KAYA ','Paul Zane pilzer',2005,'Gramedia',NULL,1,1),
(542042019,'THE POWER OF 10-10-10','Suzy weleh',2009,'Kaifa ',NULL,1,1),
(543042019,'THE MIRACLE OF CELLS','Lewis wolpert',2011,'Qanita ',NULL,1,1),
(544042019,'MENJEMPUT MASA DEPAN ','Dimiti Mahayana',1999,'Rosda',NULL,1,1),
(545042019,'CHINESE TWO BUSINESS','George T. Haley chin tony usha cv Haley tan',2004,'Hikmah',NULL,1,1),
(546042019,'ATTITUDE IS EVERYTING ','Rudi Lim',2012,'Elex media ',NULL,1,1),
(547022019,'PENATAAN PRODUK KELAS XI','Dwi Harti, puji Nuyati utami Hadiati',2019,'Erlangga',NULL,4,4),
(548022019,'BISNIS ONLINE KELAS XII','Fatkhul A., umar S.',2019,'Erlangga',NULL,5,5),
(549042019,'BISNIS ONLINE KELAS XI','Fatkhul A., umar S.',2019,'Erlangga',NULL,5,5),
(550022019,'PENATAAN PRODUK KELAS XII','Puji Nuryanti, Utami Hadianti ',2019,'Erlangga',NULL,5,5),
(551042019,'PKN KELASXII','Yuyus Kardiman, dkk',2019,'Erlangga',NULL,5,5),
(552042019,'MATEMATIKA SMK XII','Kasmina Toali',2019,'Erlangga',NULL,5,5),
(553022019,'PENATAAN PRODUK KELAS XI','Dwi Harti , Puji nurati',2019,'Erlangga',NULL,4,4),
(554032019,'AGRIBISNIS TERNAK UNGGAS PETELUR KELAS XI ','Kemendikbud RI',0,'Dit PSMK',NULL,2,2),
(555032019,'AGRIBISNIS PAKAN TERNAK UNGGAS KELAS XI','Kemendikbud RI',0,'Dit PSMK',NULL,2,2),
(556032019,'AGRIBISNIS PEMBIBITAN TERNAK UNGGAS KELAS XI','Kemendikbud RI',0,'Dit PSMK',NULL,1,1),
(557032019,'DASAR-DASAR PEMELIHARAAN TERNAK KELAS X','Kemendikbud RI',0,'Dit PSMK',NULL,4,4),
(558032019,'MEMELIHARA UNGGAS PEDAGING','Darus salam',0,'dit',NULL,1,1),
(559032019,'KESEATAN TERNAK UNGGAS','Drh. Siti susanti Ph.D',0,'',NULL,1,1),
(560032019,'DASAR-DASAR PEMBIBITAN TERNAK ','SMK Bira Nusantara',2014,'SMK Binus',NULL,2,2),
(561032019,'TEKNIK PRODUKSI PAKAN TERNAK','Ruhyat kartasudjana ',2001,'Dit PMK',NULL,1,1),
(562032019,'PENETASAN TELUR','Ruhyat kartasudjana ',2001,'Dit PMK',NULL,3,3),
(563032019,'TEKNIK KESEHATAN TERNAK','Dit PMK',2001,'Dit PMK',NULL,1,1),
(564032019,'PEMBIBITAN TERNAK ','Ruhyat kartasudjana ',2001,'Dit PMK',NULL,1,1),
(565042019,'FORWARD AND ENGLISH','Shyla k. Lande, Eka mulya astuti',2019,'Erlangga',NULL,5,5),
(566042019,'BIOLOGI KELAS XI','Tutus salman F.,Marsaid',2019,'Erlangga',NULL,5,5),
(567042019,'PENDIDIKAN AGAMA DAN BUDI PEKERTI XII','Abd Rahman, Lim Halimah dkk',2019,'Erlangga',NULL,5,5),
(568042019,'PRODUKTIF BERBAHASA INDONESIA XII','Yustinah',2019,'Erlangga',NULL,5,5),
(569042019,'KIMIA KELAS X','Suswanto Djony P., Sito naqiah',2019,'Erlangga',NULL,5,5),
(570042019,'FISIKA KELAS X','Pristoadi utomo',2019,'Erlangga',NULL,5,5),
(571042019,'ARBIC FOR TRAVELING','M. Kholison dan Abd. syarif ',2017,'Lisan Arab',NULL,1,1),
(572012020,'PERENCANAAN, PENGELOLAAN DAN PERJALANAN WISATA KEL','Sri rohatul Juma\'idah, Mochamad isro\'i',2020,'Quantum book',NULL,4,4),
(573012020,'SANITASI, HYGIENE DAN KESELAMATAN KERJA  ','Idah setiyawati',2020,'Quantum book',NULL,5,5),
(574012020,'PENGELOLAAN MICE XII','Sri Nawangsih indrawati pusparini',2020,'Quantum book',NULL,4,4),
(575012020,'KOMUNIKASI INDUSTRI PARIWISATA KELAS X','Ririn wartinah ',2020,'Quantum book',NULL,5,5),
(576012020,'ADMINISTRASI UMUM X','Rina Kuntari ',2020,'Quantum book',NULL,4,4),
(577012020,'PENGELOLAAN MICE XI','Ririn wartinah Anis Al aminatul ws.',2020,'Quantum book',NULL,5,5),
(578012020,'PEMANDU PERJALANAN WISATA KELAS XI','Sri Yulianto ',2020,'Quantum book',NULL,0,5),
(579012020,'PEMESANAN DAN PENGHITUNGAN TARIFPENERBANGAN KELAS ','Darti purwo Arianti sri rejeki',2020,'Quantum book',NULL,3,4),
(580012020,'KEPARIWISATAAN KELAS X','Anis al Aminatul Ririn wartinah ',2020,'Quantum book',NULL,4,5),
(581012020,'PEMANDU PERJALANAN WISATA KELAS XII','Mochamad isro\'i',2020,'Quantum book',NULL,5,5),
(582042020,'MODULKU BAHASA INGGRIS XII SMT 1','Muhammad Hamam abdurrohman   ',2017,'Mediatama',NULL,8,8),
(583042020,'MODULKU PKN KELAS KELAS XII SMT 1 ','Sholicin Dwi prasetyo',2017,'Mediatama',NULL,10,10),
(584042020,'MODULKU PAI XII SMT 1','Erviana nur izzati',2017,'Mediatama',NULL,10,10),
(585042020,'MODULKU BAHASA INDONESIA SMT 1 XII','Sekar Galuh Endah ',2017,'Mediatama',NULL,1,1),
(586042020,'PEMBUATAN PEMBERSIH PIRING ','YPKBNI',2019,'Mediatama',NULL,2,2),
(587042020,'PEMBUATAN DONAT','YPKBNI',2019,'Suara media sejahtera',NULL,2,2),
(588042020,'PEMBUATAN MIE ','YPKBNI',2019,'Suara media sejahtera',NULL,2,2),
(589042020,'PEMBUATAN TEMPE','YPKBNI',2019,'Suara media sejahtera',NULL,2,2),
(590042020,'PEMBUATAN TEPUNG BERAS','YPKBNI',2019,'Mediatama',NULL,2,2),
(591042020,'PEMBUATAN ROTI KERING','YPKBNI',2019,'Suara media sejahtera',NULL,2,2),
(592042020,'PEMBUATAN TEMPE ','YPKBNI',2019,'Rahma',NULL,2,2),
(593042020,'PEMBUATAN TULANG LUNAK AYAM /BELEK','YPKBNI',2019,'Suara media sejahtera',NULL,2,2),
(594042020,'PEMBUATAN KANDANG KEMASAN MODERN','YPKBNI',2019,'Suara media sejahtera',NULL,1,1),
(595042020,'PEMBUATAN ICE CREAM','YPKBNI',2019,'Suara media sejahtera',NULL,2,2),
(596032020,'PEMBUATAN PAKAN AYAM ','YPKBNI',2019,'Rahma',NULL,2,2),
(597042020,'PEMBUATAN MINYAK KELAPA ','YPKBNI',2019,'Mediatama',NULL,2,2),
(598042020,'PEMBUATAN TAHU','YPKBNI',2019,'Mediatama',NULL,1,1),
(599042020,'PEMBUATAN KERAJINAN TANGAN ','YPKBNI',2019,'Media sejahtra',NULL,2,2),
(600042020,'PEMBUATAN SAMBAL KEMASAN','YPKBNI',2019,'Mediatama',NULL,2,2),
(601042020,'PEMBUATAN PUPUK KANDANG KEMASAN MODERN','YPKBNI',2019,'Media sejahtra',NULL,1,1),
(602042020,'PEMBUATAN PETIS','YPKBNI',2019,'Rahma',NULL,2,2),
(603042020,'PEMBUATAN TAHU','YPKBNI',2019,'Suara media sejahtera',NULL,1,1),
(604042020,'PEMBUATAN DETERGEN','YPKBNI',2019,'Mediatama',NULL,1,1),
(605042020,'PEMBUATAN LIPSTIK','YPKBNI',2019,'Mediatama',NULL,2,2),
(606042020,'PEMBUATAN KECAP','YPKBNI',2019,'Suara media sejahtera',NULL,2,2),
(607042020,'PEMBUATAN SIRUP','YPKBNI',2019,'Mediatama',NULL,2,2),
(608042020,'MODUL MATEMATIKA KELAS XII','Suparmin',2017,'Mediatama',NULL,9,9),
(609042020,'MODUL SENI BUDAYA KELAS XII','Lia Chandra Rufikasari',2017,'Mediatama',NULL,10,10),
(610042020,'BUKU GURU PKN KELAS XII','Lathifa Royani Fadhola',2017,'Mediatama',NULL,1,1),
(611042020,'BUKU GURU SENI BUDAYA XII','Lathifa Royani Fadhola',2017,'Mediatama',NULL,1,1),
(612042018,'BUKU GURU BAHASA INGGRIS X','Kemdikbud ',2017,'Kemdikbud',NULL,5,5),
(613042020,'BUKU GURU PRAKARYA XII','Aditya Hadi prayitno',2016,'Mediatama',NULL,1,1),
(614042020,'BUKU GURU SIMDIG X','Noviana Rulita Damameita putri',2018,'Mediatama',NULL,3,3),
(615022020,'EKONOMI BISNIS X','Ulfa Rahmah Ayuningsih',2018,'Mediatama',NULL,10,10),
(616022020,'ADMINISTRASI TRANSAKSI XII','Avni Laksmini Dara Deni Septianto Sumbogo',2019,'Mediatama',NULL,5,5),
(617022020,'ADMINISTRASI TRANSAKSI XI','Avni Laksmini Dara',2018,'Mediatama',NULL,7,7),
(618042020,'SIMDIG X','Noviana ',2018,'Mediatama',NULL,3,3),
(619042020,'PRODUK KREATIF KWU XI','Ulfa Rahmah Ayuningsih Nurul Bakti Pramudhita',2019,'Mediatama',NULL,5,5),
(620022020,'PERENCANAAN BISNIS X','Ulfa Rahmah Ayuningsih',2018,'Mediatama',NULL,9,9),
(621042020,'RAMADHAN SEPANJANG MASA ','Ahmad Salim ',2014,'Media press',NULL,6,6),
(622042020,'MUKJIZAT SHALAT DAN DOA ','E-Kosasih',2004,'Pustaka Hidayah',NULL,1,1),
(623042020,'60 PENYAKIT HATI ','Uwes Al-Qorni',1999,'Rosda',NULL,1,1),
(624042020,'ADAB MENGAJARKAN AL QURAN ','Imam nawawi',2001,'Hikmah',NULL,1,1),
(625042020,'MENJAGA KEMULIAAN AL QURAN ','Yusuf m. SQ',2006,'Telkom',NULL,1,1),
(626042020,'DAHLAN ISKAN ','Rachmanto',2012,'Arus timur',NULL,1,1),
(627042020,'DIBALIK PEMUDA YUSUF','Nurma sawiyya ',2018,'Siloka',NULL,1,1),
(628042020,'SAUDAGAR AKHIR ZAMAN ','Kuswandi Taufik ',2018,'El-markaji ',NULL,3,3),
(629042020,'ANTOMOLOGI RAMADHAN ','Erin soleha, dkk',2019,'Siloka',NULL,2,2),
(630042020,'ADA APA DENGAN SYIAH','M. Abdussattaor at turis ',2014,'Griya ilmu ',NULL,1,1),
(631042020,'RISALAH TUNTUNAN SHALAT LENGKAP','Moh. rifa\'i',2018,'PT. Karya toha putra',NULL,1,1),
(632042020,'SUKSES BUDIDAYA LELE','Yati Nurhayati ',2014,'Padi',NULL,1,1),
(633042020,'PENDIDIKAN KEWIRAUSAHAAN ','Dr. Mursyidin,M.Pd.',2020,'Bumi Aksara',NULL,1,1),
(634042020,'10 JAM BISA BACA','Yudi imana',2018,'Baitul qusan',NULL,1,1),
(635042020,'NIAT DAN IKHLAS ','Yusuf al-qodrhavri',1996,'Pustaka al-kautsar',NULL,1,1),
(636042020,'WANGSIT KASYAF MIMPI','Yusuf al-qodrhavri',1998,'Rabbani press',NULL,1,1),
(637042020,'KISAH 25 NABI DAN KHULAFAURROSYIDIN','Hendro trilaksono',2014,'Mutiara media',NULL,1,1),
(638042020,'KISAH TELADAN 25 NABI DAN ROSUL','Munawaroh ',2004,'Eska Media ',NULL,1,1),
(639042020,'KATA-KATA MOTIVASI DOSIS TINGGI','Wiliam Tanuwidjaja',2010,'Media pressindo',NULL,1,1),
(640042020,'THE CASY PENUNTUN BELAJAR SUKSES ','Symetra Group',2008,'Syimetra ',NULL,1,1),
(641042020,'KETENTUAN UMUM PERPAJAKAN ','Fokusindo mandiri ',2013,'Fokusindo mandiri ',NULL,1,1);

/*Table structure for table `tb_ebook` */

DROP TABLE IF EXISTS `tb_ebook`;

CREATE TABLE `tb_ebook` (
  `id` int(30) NOT NULL AUTO_INCREMENT,
  `judul` varchar(50) DEFAULT NULL,
  `penulis` varchar(20) DEFAULT NULL,
  `kategori` varchar(20) DEFAULT NULL,
  `cover` text DEFAULT NULL,
  `ebook` text DEFAULT NULL,
  PRIMARY KEY (`id`)
) ENGINE=InnoDB DEFAULT CHARSET=utf8mb4;

/*Data for the table `tb_ebook` */

/*Table structure for table `tb_petugas` */

DROP TABLE IF EXISTS `tb_petugas`;

CREATE TABLE `tb_petugas` (
  `id` int(10) NOT NULL AUTO_INCREMENT,
  `nama` varchar(30) DEFAULT NULL,
  `username` varchar(30) DEFAULT NULL,
  `password` varchar(50) DEFAULT NULL,
  PRIMARY KEY (`id`)
) ENGINE=InnoDB AUTO_INCREMENT=13 DEFAULT CHARSET=utf8mb4;

/*Data for the table `tb_petugas` */

insert  into `tb_petugas`(`id`,`nama`,`username`,`password`) values 
(9,'Admin SMK ATM','admin','0192023a7bbd73250516f069df18b500');

/*Table structure for table `tb_transaksi` */

DROP TABLE IF EXISTS `tb_transaksi`;

CREATE TABLE `tb_transaksi` (
  `id_transaksi` int(30) NOT NULL AUTO_INCREMENT,
  `id_petugas` int(30) DEFAULT NULL,
  `nis_anggota` int(30) DEFAULT NULL,
  `kode_buku` int(30) DEFAULT NULL,
  `tgl_pinjam` date DEFAULT NULL,
  `tgl_kembali` date DEFAULT NULL,
  `denda` int(11) DEFAULT NULL,
  `total_denda` int(11) DEFAULT NULL,
  `status` varchar(30) DEFAULT NULL,
  `tgl_dikembalikan` date DEFAULT NULL,
  PRIMARY KEY (`id_transaksi`),
  KEY `id` (`id_petugas`),
  KEY `nis` (`nis_anggota`),
  KEY `kode` (`kode_buku`),
  CONSTRAINT `tb_transaksi_ibfk_1` FOREIGN KEY (`nis_anggota`) REFERENCES `tb_anggota` (`nis`),
  CONSTRAINT `tb_transaksi_ibfk_2` FOREIGN KEY (`kode_buku`) REFERENCES `tb_buku` (`kode`),
  CONSTRAINT `tb_transaksi_ibfk_3` FOREIGN KEY (`id_petugas`) REFERENCES `tb_petugas` (`id`)
) ENGINE=InnoDB AUTO_INCREMENT=119 DEFAULT CHARSET=utf8mb4;

/*Data for the table `tb_transaksi` */

insert  into `tb_transaksi`(`id_transaksi`,`id_petugas`,`nis_anggota`,`kode_buku`,`tgl_pinjam`,`tgl_kembali`,`denda`,`total_denda`,`status`,`tgl_dikembalikan`) values 
(103,9,1819011,11042016,'2020-12-25','2021-01-01',500,1500,'Selesai','2021-01-04'),
(108,9,20210044,578012020,'2021-01-08','2021-01-15',500,NULL,NULL,NULL),
(109,9,20210041,490012018,'2021-01-08','2021-01-15',0,NULL,NULL,NULL),
(110,9,20210043,490012018,'2021-01-08','2021-01-15',0,NULL,NULL,NULL),
(111,9,20210037,578012020,'2021-01-08','2021-01-15',0,NULL,NULL,NULL),
(112,9,20210042,580012020,'2021-01-08','2021-01-15',0,NULL,NULL,NULL),
(113,9,20210038,578012020,'2021-01-08','2021-01-15',0,NULL,NULL,NULL),
(114,9,20210039,578012020,'2021-01-08','2021-01-15',0,NULL,NULL,NULL),
(115,9,20210045,578012020,'2021-01-08','2021-01-15',0,NULL,NULL,NULL),
(116,9,1819044,579012020,'2021-01-19','2021-01-26',0,NULL,NULL,NULL),
(117,NULL,1819052,538042019,'2021-02-08','2021-02-15',1000,2000,'Selesai','2021-02-17'),
(118,9,1819001,123,'2021-02-28','2021-03-14',1000,NULL,'Dikembalikan','2021-02-28');

/*!40101 SET SQL_MODE=@OLD_SQL_MODE */;
/*!40014 SET FOREIGN_KEY_CHECKS=@OLD_FOREIGN_KEY_CHECKS */;
/*!40014 SET UNIQUE_CHECKS=@OLD_UNIQUE_CHECKS */;
/*!40111 SET SQL_NOTES=@OLD_SQL_NOTES */;
